ID,Filename,Date Formatted,Subject,Message ID,Domain,Email Address,File Size (KB),Modified
1,241016-residential-rental-agreement-1803-243-franklin-st.pdf,16/10/2024,residential-rental-agreement-1803-243-franklin-st,N/A,N/A,N/A,606.74,14/10/2025 07:27
2,250207 - Welcome to Areal Property  Your New Property Management Team - bNDbxXBbQNSd_b8rglR2pg@geopod-ismtpd-9.pdf,07/02/2025,250207 - Welcome to Areal Property  Your New Property Management Team,bNDbxXBbQNSd_b8rglR2pg@geopod-ismtpd-9,geopod-ismtpd-9,bNDbxXBbQNSd_b8rglR2pg@geopod-ismtpd-9,89.80,31/10/2025 02:12
3,250207-Emergency Maintenance Trades Contact List Hawthorn.pdf,07/02/2025,Emergency Maintenance Trades Contact List Hawthorn,N/A,N/A,N/A,184.09,07/02/2025 14:12
4,"250225 - Receipt of payment for 1803_243 Franklin St, Melbourne VIC 3000 - VvSmC2yFSZCtbt6d7NnvMw@geopod-ismtpd-7.pdf",25/02/2025,"250225 - Receipt of payment for 1803_243 Franklin St, Melbourne VIC 3000",VvSmC2yFSZCtbt6d7NnvMw@geopod-ismtpd-7,geopod-ismtpd-7,VvSmC2yFSZCtbt6d7NnvMw@geopod-ismtpd-7,77.32,31/10/2025 02:12
5,250225-Receipt # 85835.pdf,25/02/2025,Receipt # 85835,N/A,N/A,N/A,84.07,25/02/2025 18:39
6,250325 - Areal monthly after-hours trades list update - TdVM09MYTMK3NYfff3Ex7g@geopod-ismtpd-9.pdf,25/03/2025,250325 - Areal monthly after-hours trades list update,TdVM09MYTMK3NYfff3Ex7g@geopod-ismtpd-9,geopod-ismtpd-9,TdVM09MYTMK3NYfff3Ex7g@geopod-ismtpd-9,78.44,31/10/2025 02:12
7,"250325 - Receipt of payment for 1803_243 Franklin St, Melbourne VIC 3000 - rAeUl6dhT1Kyd4D9Bf1uPA@geopod-ismtpd-canary-0.pdf",25/03/2025,"250325 - Receipt of payment for 1803_243 Franklin St, Melbourne VIC 3000",rAeUl6dhT1Kyd4D9Bf1uPA@geopod-ismtpd-canary-0,geopod-ismtpd-canary-0,rAeUl6dhT1Kyd4D9Bf1uPA@geopod-ismtpd-canary-0,77.80,31/10/2025 02:12
8,250325-Receipt # 87045.pdf,25/03/2025,Receipt # 87045,N/A,N/A,N/A,87.62,25/03/2025 18:44
9,250401 - Areal monthly after-hours trades list update - LLE5QLN0R5uOai57XEw_3g@geopod-ismtpd-0.pdf,01/04/2025,250401 - Areal monthly after-hours trades list update,LLE5QLN0R5uOai57XEw_3g@geopod-ismtpd-0,geopod-ismtpd-0,LLE5QLN0R5uOai57XEw_3g@geopod-ismtpd-0,78.63,31/10/2025 02:12
10,250402 - Non-Urgent Maintenance Request (1803_243 Franklin st)  Broken Bed Frame with Exposed Nails - CAAV=8vuQy1pSm2ScC1ogch9EGCP0j-SKGhMosoqcUDhZHGiVaA@mail.gmail.com.pdf,02/04/2025,250402 - Non-Urgent Maintenance Request (1803_243 Franklin st)  Broken Bed Frame with Exposed Nails,CAAV=8vuQy1pSm2ScC1ogch9EGCP0j-SKGhMosoqcUDhZHGiVaA@mail.gmail.com,mail.gmail.com,CAAV=8vuQy1pSm2ScC1ogch9EGCP0j-SKGhMosoqcUDhZHGiVaA@mail.gmail.com,116186.74,31/10/2025 02:12
11,250408 - Fwd_ Non-Urgent Maintenance Request (1803_243 Franklin st)  Broken Bed Frame with Exposed Nails - CAAV=8vsVTzDNHuSWuYORhKTzLEO4wb3vL8nQACRTOJfb-eCe0g@mail.gmail.com.pdf,08/04/2025,250408 - Fwd_ Non-Urgent Maintenance Request (1803_243 Franklin st)  Broken Bed Frame with Exposed Nails,CAAV=8vsVTzDNHuSWuYORhKTzLEO4wb3vL8nQACRTOJfb-eCe0g@mail.gmail.com,mail.gmail.com,CAAV=8vsVTzDNHuSWuYORhKTzLEO4wb3vL8nQACRTOJfb-eCe0g@mail.gmail.com,116192.68,31/10/2025 02:13
12,250409 - Re_ Non-Urgent Maintenance Request (1803_243 Franklin st)  Broken Bed Frame with Exposed Nails - ME3PR01MB824149B5C4234EB5E6A31C66DAB42@ME3PR01MB8241.ausprd01.prod.outlook.com.pdf,09/04/2025,250409 - Re_ Non-Urgent Maintenance Request (1803_243 Franklin st)  Broken Bed Frame with Exposed Nails,ME3PR01MB824149B5C4234EB5E6A31C66DAB42@ME3PR01MB8241.ausprd01.prod.outlook.com,ME3PR01MB8241.ausprd01.prod.outlook.com,ME3PR01MB824149B5C4234EB5E6A31C66DAB42@ME3PR01MB8241.ausprd01.prod.outlook.com,218.82,31/10/2025 02:13
13,250416 - Re_ Urgent_ Water Damage on Bedroom Wall (Unit 1803) - CAAV=8vswkBjs+XG=uSswFDXRj_rQpDgF+FzAATG2ttMBP2V3NQ@mail.gmail.com.pdf,16/04/2025,250416 - Re_ Urgent_ Water Damage on Bedroom Wall (Unit 1803),CAAV=8vswkBjs+XG=uSswFDXRj_rQpDgF+FzAATG2ttMBP2V3NQ@mail.gmail.com,mail.gmail.com,CAAV=8vswkBjs+XG=uSswFDXRj_rQpDgF+FzAATG2ttMBP2V3NQ@mail.gmail.com,212.03,31/10/2025 02:13
14,250416 - Re_ Urgent_ Water Damage on Bedroom Wall (Unit 1803) - ME3PR01MB8241FBF8DF5E327065E1A1ABDABD2@ME3PR01MB8241.ausprd01.prod.outlook.com.pdf,16/04/2025,250416 - Re_ Urgent_ Water Damage on Bedroom Wall (Unit 1803),ME3PR01MB8241FBF8DF5E327065E1A1ABDABD2@ME3PR01MB8241.ausprd01.prod.outlook.com,ME3PR01MB8241.ausprd01.prod.outlook.com,ME3PR01MB8241FBF8DF5E327065E1A1ABDABD2@ME3PR01MB8241.ausprd01.prod.outlook.com,206.56,31/10/2025 02:13
15,250416 - Urgent_ Water Damage on Bedroom Wall (Unit 1803) - CAAV=8vvZigwdNUxLOVCfHK69GhXfRTY1xxWoc3Xjv2d-Cm=h=g@mail.gmail.com.pdf,16/04/2025,250416 - Urgent_ Water Damage on Bedroom Wall (Unit 1803),CAAV=8vvZigwdNUxLOVCfHK69GhXfRTY1xxWoc3Xjv2d-Cm=h=g@mail.gmail.com,mail.gmail.com,CAAV=8vvZigwdNUxLOVCfHK69GhXfRTY1xxWoc3Xjv2d-Cm=h=g@mail.gmail.com,50809.51,31/10/2025 02:13
16,250420 - Automatic reply_ Urgent_ Water Damage on Bedroom Wall (Unit 1803) - c11f80d2d9e4469b8528334d20b3c4ce@ME3PR01MB8241.ausprd01.prod.outlook.com.pdf,20/04/2025,250420 - Automatic reply_ Urgent_ Water Damage on Bedroom Wall (Unit 1803),c11f80d2d9e4469b8528334d20b3c4ce@ME3PR01MB8241.ausprd01.prod.outlook.com,ME3PR01MB8241.ausprd01.prod.outlook.com,c11f80d2d9e4469b8528334d20b3c4ce@ME3PR01MB8241.ausprd01.prod.outlook.com,44.44,31/10/2025 02:13
17,250420 - Re_ Urgent_ Water Damage on Bedroom Wall (Unit 1803) - CAAV=8vvKRyv_a7aNhbgBu8oykp97_GS0DhmApYWHbfEzLjMtPA@mail.gmail.com.pdf,20/04/2025,250420 - Re_ Urgent_ Water Damage on Bedroom Wall (Unit 1803),CAAV=8vvKRyv_a7aNhbgBu8oykp97_GS0DhmApYWHbfEzLjMtPA@mail.gmail.com,mail.gmail.com,CAAV=8vvKRyv_a7aNhbgBu8oykp97_GS0DhmApYWHbfEzLjMtPA@mail.gmail.com,29762.61,31/10/2025 02:13
18,"250423 - Receipt of payment for 1803_243 Franklin St, Melbourne VIC 3000 - xPWIuD6PSe6QEk9BCXegkw@geopod-ismtpd-11.pdf",23/04/2025,"250423 - Receipt of payment for 1803_243 Franklin St, Melbourne VIC 3000",xPWIuD6PSe6QEk9BCXegkw@geopod-ismtpd-11,geopod-ismtpd-11,xPWIuD6PSe6QEk9BCXegkw@geopod-ismtpd-11,78.04,31/10/2025 02:13
19,250423 - Second Follow-up_ Urgent Water Damage Escalation  Immediate Action Required (Unit 1803)   - CAAV=8vuh92vNwVdB0eqSAjKbk7cZHscd1fbYYjQwX4j6-2ehWg@mail.gmail.com.pdf,23/04/2025,250423 - Second Follow-up_ Urgent Water Damage Escalation  Immediate Action Required (Unit 1803)  ,CAAV=8vuh92vNwVdB0eqSAjKbk7cZHscd1fbYYjQwX4j6-2ehWg@mail.gmail.com,mail.gmail.com,CAAV=8vuh92vNwVdB0eqSAjKbk7cZHscd1fbYYjQwX4j6-2ehWg@mail.gmail.com,32435.66,31/10/2025 02:13
20,250423-Receipt # 88184.pdf,23/04/2025,Receipt # 88184,N/A,N/A,N/A,87.48,23/04/2025 15:10
21,250424 - Re_ FW_ Second Follow-up_ Urgent Water Damage Escalation  Immediate Action Required (Unit 1803) - XCpNOfqoQRSJkOVp4j_b-Q@geopod-ismtpd-6.pdf,24/04/2025,250424 - Re_ FW_ Second Follow-up_ Urgent Water Damage Escalation  Immediate Action Required (Unit 1803),XCpNOfqoQRSJkOVp4j_b-Q@geopod-ismtpd-6,geopod-ismtpd-6,XCpNOfqoQRSJkOVp4j_b-Q@geopod-ismtpd-6,114.22,31/10/2025 02:13
22,"250424 - Routine inspection scheduled for 1803_243 Franklin St, Melbourne VIC 3000 - 6qnX7yw8R8eWzLZ6mPtgSQ@geopod-ismtpd-16.pdf",24/04/2025,"250424 - Routine inspection scheduled for 1803_243 Franklin St, Melbourne VIC 3000",6qnX7yw8R8eWzLZ6mPtgSQ@geopod-ismtpd-16,geopod-ismtpd-16,6qnX7yw8R8eWzLZ6mPtgSQ@geopod-ismtpd-16,71.53,31/10/2025 02:13
23,250428 - Update on Leak Inspection-1803_243 Franklin - 4QLBUF9uSEmROIykJr1CWA@geopod-ismtpd-canary-0.pdf,28/04/2025,250428 - Update on Leak Inspection-1803_243 Franklin,4QLBUF9uSEmROIykJr1CWA@geopod-ismtpd-canary-0,geopod-ismtpd-canary-0,4QLBUF9uSEmROIykJr1CWA@geopod-ismtpd-canary-0,2468.16,31/10/2025 02:13
24,250428 - Update on Leak Issue at 1803_ 243 Franklin - 8uZNaRe5QeC5Hhm1EbTIqA@geopod-ismtpd-16.pdf,28/04/2025,250428 - Update on Leak Issue at 1803_ 243 Franklin,8uZNaRe5QeC5Hhm1EbTIqA@geopod-ismtpd-16,geopod-ismtpd-16,8uZNaRe5QeC5Hhm1EbTIqA@geopod-ismtpd-16,95.78,31/10/2025 02:13
25,"250430 - Routine inspection for 1803_243 Franklin St, Melbourne VIC 3000 - Reminder - 7ImO9OCRSiqbDHredWlFzQ@geopod-ismtpd-11.pdf",30/04/2025,"250430 - Routine inspection for 1803_243 Franklin St, Melbourne VIC 3000 - Reminder",7ImO9OCRSiqbDHredWlFzQ@geopod-ismtpd-11,geopod-ismtpd-11,7ImO9OCRSiqbDHredWlFzQ@geopod-ismtpd-11,72.21,31/10/2025 02:13
26,250501 - Areal monthly after-hours trades list update - gOO3iPI3QmOZtF6kWxNBEA@geopod-ismtpd-3.pdf,01/05/2025,250501 - Areal monthly after-hours trades list update,gOO3iPI3QmOZtF6kWxNBEA@geopod-ismtpd-3,geopod-ismtpd-3,gOO3iPI3QmOZtF6kWxNBEA@geopod-ismtpd-3,77.62,31/10/2025 02:13
27,250502 - Leaking Repaired Confirmation  - 1803_243 Franklin St - zxGwId9eSLCgK3Xac8v7YA@geopod-ismtpd-11.pdf,02/05/2025,250502 - Leaking Repaired Confirmation  - 1803_243 Franklin St,zxGwId9eSLCgK3Xac8v7YA@geopod-ismtpd-11,geopod-ismtpd-11,zxGwId9eSLCgK3Xac8v7YA@geopod-ismtpd-11,98.31,31/10/2025 02:13
28,250509 - Follow-up on Wall and Carpet Damage  1803_243 Franklin St - CAAV=8vvj9VaF+zYoA9jcvsJX9LMr+w5pTZ9-yZ85H3AXUUkT2A@mail.gmail.com.pdf,09/05/2025,250509 - Follow-up on Wall and Carpet Damage  1803_243 Franklin St,CAAV=8vvj9VaF+zYoA9jcvsJX9LMr+w5pTZ9-yZ85H3AXUUkT2A@mail.gmail.com,mail.gmail.com,CAAV=8vvj9VaF+zYoA9jcvsJX9LMr+w5pTZ9-yZ85H3AXUUkT2A@mail.gmail.com,40.60,31/10/2025 02:13
29,250509 - Re_ Follow-up on Wall and Carpet Damage  1803_243 Franklin St - ME2PR01MB547482C01171513F28E41756A48AA@ME2PR01MB5474.ausprd01.prod.outlook.com.pdf,09/05/2025,250509 - Re_ Follow-up on Wall and Carpet Damage  1803_243 Franklin St,ME2PR01MB547482C01171513F28E41756A48AA@ME2PR01MB5474.ausprd01.prod.outlook.com,ME2PR01MB5474.ausprd01.prod.outlook.com,ME2PR01MB547482C01171513F28E41756A48AA@ME2PR01MB5474.ausprd01.prod.outlook.com,257.48,31/10/2025 02:13
30,250510 - Re_ Follow-up on Wall and Carpet Damage  1803_243 Franklin St - CAAV=8vuhGmwAEejKPfd4XsXPsjgNtpUjCYgSpZeXBA6RLK9z5g@mail.gmail.com.pdf,10/05/2025,250510 - Re_ Follow-up on Wall and Carpet Damage  1803_243 Franklin St,CAAV=8vuhGmwAEejKPfd4XsXPsjgNtpUjCYgSpZeXBA6RLK9z5g@mail.gmail.com,mail.gmail.com,CAAV=8vuhGmwAEejKPfd4XsXPsjgNtpUjCYgSpZeXBA6RLK9z5g@mail.gmail.com,12961.79,31/10/2025 02:13
31,250512 - Re_ FW_ Follow-up on Wall and Carpet Damage  1803_243 Franklin St - bR3e2vDHSdSyfb3oGAQMaQ@geopod-ismtpd-canary-0.pdf,12/05/2025,250512 - Re_ FW_ Follow-up on Wall and Carpet Damage  1803_243 Franklin St,bR3e2vDHSdSyfb3oGAQMaQ@geopod-ismtpd-canary-0,geopod-ismtpd-canary-0,bR3e2vDHSdSyfb3oGAQMaQ@geopod-ismtpd-canary-0,121.29,31/10/2025 02:14
32,"250513 - Re_ PS628109B - R&M - Water Leak Lot 1803A - 243, 253 & 263 Franklin Street - QlWNgtmlTLaSXxgA-zJ8Mg@geopod-ismtpd-10.pdf",13/05/2025,"250513 - Re_ PS628109B - R&M - Water Leak Lot 1803A - 243, 253 & 263 Franklin Street",QlWNgtmlTLaSXxgA-zJ8Mg@geopod-ismtpd-10,geopod-ismtpd-10,QlWNgtmlTLaSXxgA-zJ8Mg@geopod-ismtpd-10,347.73,31/10/2025 02:14
33,"250526 - Receipt of payment for 1803_243 Franklin Street, Melbourne VIC 3000 - RSXxSwpfRrepgkJGLXZagw@geopod-ismtpd-12.pdf",26/05/2025,"250526 - Receipt of payment for 1803_243 Franklin Street, Melbourne VIC 3000",RSXxSwpfRrepgkJGLXZagw@geopod-ismtpd-12,geopod-ismtpd-12,RSXxSwpfRrepgkJGLXZagw@geopod-ismtpd-12,77.05,31/10/2025 02:14
34,250526-Receipt # 89393.pdf,26/05/2025,Receipt # 89393,N/A,N/A,N/A,77.77,26/05/2025 12:02
35,250529 - Leak Rectification Works  Access Required - cii66zKWQlShflJnn2WQCA@geopod-ismtpd-canary-0.pdf,29/05/2025,250529 - Leak Rectification Works  Access Required,cii66zKWQlShflJnn2WQCA@geopod-ismtpd-canary-0,geopod-ismtpd-canary-0,cii66zKWQlShflJnn2WQCA@geopod-ismtpd-canary-0,96.94,31/10/2025 02:14
36,250602 - Areal monthly after-hours trades list update - Y5ZjvYI9TIOAP4HbNkU8YQ@geopod-ismtpd-7.pdf,02/06/2025,250602 - Areal monthly after-hours trades list update,Y5ZjvYI9TIOAP4HbNkU8YQ@geopod-ismtpd-7,geopod-ismtpd-7,Y5ZjvYI9TIOAP4HbNkU8YQ@geopod-ismtpd-7,77.78,31/10/2025 02:14
37,250602 - Re_ FW_ Follow-up on Wall and Carpet Damage  1803_243 Franklin St - HWWfmj4JQoebfjfpdeDpxw@geopod-ismtpd-11.pdf,02/06/2025,250602 - Re_ FW_ Follow-up on Wall and Carpet Damage  1803_243 Franklin St,HWWfmj4JQoebfjfpdeDpxw@geopod-ismtpd-11,geopod-ismtpd-11,HWWfmj4JQoebfjfpdeDpxw@geopod-ismtpd-11,150.33,31/10/2025 02:14
38,250603 - Re_ FW_ Follow-up on Wall and Carpet Damage  1803_243 Franklin St - CAAV=8vsvdhU7-2mouSU8xkrhKE4t1EkWqJDWRburm0XgObEzZQ@mail.gmail.com.pdf,03/06/2025,250603 - Re_ FW_ Follow-up on Wall and Carpet Damage  1803_243 Franklin St,CAAV=8vsvdhU7-2mouSU8xkrhKE4t1EkWqJDWRburm0XgObEzZQ@mail.gmail.com,mail.gmail.com,CAAV=8vsvdhU7-2mouSU8xkrhKE4t1EkWqJDWRburm0XgObEzZQ@mail.gmail.com,103.63,31/10/2025 02:14
39,250603 - Re_ FW_ Follow-up on Wall and Carpet Damage  1803_243 Franklin St - WvBQeZuXT9CF88HVzHiiyQ@geopod-ismtpd-8.pdf,03/06/2025,250603 - Re_ FW_ Follow-up on Wall and Carpet Damage  1803_243 Franklin St,WvBQeZuXT9CF88HVzHiiyQ@geopod-ismtpd-8,geopod-ismtpd-8,WvBQeZuXT9CF88HVzHiiyQ@geopod-ismtpd-8,191.49,31/10/2025 02:14
40,250605 - Re_ FW_ Follow-up on Wall and Carpet Damage  1803_243 Franklin St - T57ito3kS9qfby4C8r2MEQ@geopod-ismtpd-12.pdf,05/06/2025,250605 - Re_ FW_ Follow-up on Wall and Carpet Damage  1803_243 Franklin St,T57ito3kS9qfby4C8r2MEQ@geopod-ismtpd-12,geopod-ismtpd-12,T57ito3kS9qfby4C8r2MEQ@geopod-ismtpd-12,197.26,31/10/2025 02:14
41,250606 - Follow-up  Formal Demand & Statement Regarding Unresolved Repairs (Unit 1803) - CAAV=8vs1uvzVDRjiQoeQsd9ambDRmKOEuOszLq1seEhjQ_zDXA@mail.gmail.com.pdf,06/06/2025,250606 - Follow-up  Formal Demand & Statement Regarding Unresolved Repairs (Unit 1803),CAAV=8vs1uvzVDRjiQoeQsd9ambDRmKOEuOszLq1seEhjQ_zDXA@mail.gmail.com,mail.gmail.com,CAAV=8vs1uvzVDRjiQoeQsd9ambDRmKOEuOszLq1seEhjQ_zDXA@mail.gmail.com,59.87,31/10/2025 02:14
42,250606 - Re_ Follow-up  Formal Demand & Statement Regarding Unresolved Repairs (Unit 1803) - CAAV=8vvzDYSgJdB2nPq-SvmopCv0MwVVN4GAUD0F=Khiy6ZYeQ@mail.gmail.com.pdf,06/06/2025,250606 - Re_ Follow-up  Formal Demand & Statement Regarding Unresolved Repairs (Unit 1803),CAAV=8vvzDYSgJdB2nPq-SvmopCv0MwVVN4GAUD0F=Khiy6ZYeQ@mail.gmail.com,mail.gmail.com,CAAV=8vvzDYSgJdB2nPq-SvmopCv0MwVVN4GAUD0F=Khiy6ZYeQ@mail.gmail.com,94.47,31/10/2025 02:14
43,250606 - Re_ Follow-up  Formal Demand & Statement Regarding Unresolved Repairs (Unit 1803) - nO9U0Z6KR2O-1seYEUMENA@geopod-ismtpd-8.pdf,06/06/2025,250606 - Re_ Follow-up  Formal Demand & Statement Regarding Unresolved Repairs (Unit 1803),nO9U0Z6KR2O-1seYEUMENA@geopod-ismtpd-8,geopod-ismtpd-8,nO9U0Z6KR2O-1seYEUMENA@geopod-ismtpd-8,105.00,31/10/2025 02:14
44,250606 - You have reached us outside of business hours - CB26068lSz2iqF1G_8pNEA@geopod-ismtpd-16.pdf,06/06/2025,250606 - You have reached us outside of business hours,CB26068lSz2iqF1G_8pNEA@geopod-ismtpd-16,geopod-ismtpd-16,CB26068lSz2iqF1G_8pNEA@geopod-ismtpd-16,73.45,31/10/2025 02:14
45,250606-Chawakorn_Response_Repair_Access.pdf,06/06/2025,Chawakorn_Response_Repair_Access,N/A,N/A,N/A,2.86,06/06/2025 16:36
46,250606-Formal_Demand_Letter_Chawakorn.pdf,06/06/2025,Formal_Demand_Letter_Chawakorn,N/A,N/A,N/A,2.73,06/06/2025 01:21
47,250606-Tenant_Statement_Chawakorn.pdf,06/06/2025,Tenant_Statement_Chawakorn,N/A,N/A,N/A,2.86,06/06/2025 01:21
48,250610 - Re_ Follow-up  Formal Demand & Statement Regarding Unresolved Repairs (Unit 1803) - qoR5eGyiRgmLqDJH4SxPfw@geopod-ismtpd-3.pdf,10/06/2025,250610 - Re_ Follow-up  Formal Demand & Statement Regarding Unresolved Repairs (Unit 1803),qoR5eGyiRgmLqDJH4SxPfw@geopod-ismtpd-3,geopod-ismtpd-3,qoR5eGyiRgmLqDJH4SxPfw@geopod-ismtpd-3,123.78,31/10/2025 02:14
49,250610 - Re_ Follow-up  Formal Demand & Statement Regarding Unresolved Repairs (Unit 1803) - uW4hCjWyR8qEuVSaYk02Ng@geopod-ismtpd-16.pdf,10/06/2025,250610 - Re_ Follow-up  Formal Demand & Statement Regarding Unresolved Repairs (Unit 1803),uW4hCjWyR8qEuVSaYk02Ng@geopod-ismtpd-16,geopod-ismtpd-16,uW4hCjWyR8qEuVSaYk02Ng@geopod-ismtpd-16,154.67,31/10/2025 02:14
50,250611 - Re_ Rent Adjustment  Request for Clarification and Meeting (12 June) - CAAV=8vv02ZzW3znii1nTKELOCJt_cc6Fmg1kBcm-=akeuw2kxQ@mail.gmail.com.pdf,11/06/2025,250611 - Re_ Rent Adjustment  Request for Clarification and Meeting (12 June),CAAV=8vv02ZzW3znii1nTKELOCJt_cc6Fmg1kBcm-=akeuw2kxQ@mail.gmail.com,mail.gmail.com,CAAV=8vv02ZzW3znii1nTKELOCJt_cc6Fmg1kBcm-=akeuw2kxQ@mail.gmail.com,100.92,31/10/2025 02:14
51,250611 - You have reached us outside of business hours - Ytw1FnuySC6Brj1BssrqwA@geopod-ismtpd-1.pdf,11/06/2025,250611 - You have reached us outside of business hours,Ytw1FnuySC6Brj1BssrqwA@geopod-ismtpd-1,geopod-ismtpd-1,Ytw1FnuySC6Brj1BssrqwA@geopod-ismtpd-1,73.18,31/10/2025 02:14
52,250612 - Re_ Follow-up  Formal Demand & Statement Regarding Unresolved Repairs (Unit 1803) - 3UzWfr2AStOuwqWo8CxVzA@geopod-ismtpd-15.pdf,12/06/2025,250612 - Re_ Follow-up  Formal Demand & Statement Regarding Unresolved Repairs (Unit 1803),3UzWfr2AStOuwqWo8CxVzA@geopod-ismtpd-15,geopod-ismtpd-15,3UzWfr2AStOuwqWo8CxVzA@geopod-ismtpd-15,145.16,31/10/2025 02:14
53,250613 - Re_ Follow-up  Formal Demand & Statement Regarding Unresolved Repairs (Unit 1803) - D022281F-98FC-4BB6-852F-B9F2938DFBE1@gmail.com.pdf,13/06/2025,250613 - Re_ Follow-up  Formal Demand & Statement Regarding Unresolved Repairs (Unit 1803),D022281F-98FC-4BB6-852F-B9F2938DFBE1@gmail.com,gmail.com,D022281F-98FC-4BB6-852F-B9F2938DFBE1@gmail.com,148.09,31/10/2025 02:14
54,250613 - Re_ Follow-up  Formal Demand & Statement Regarding Unresolved Repairs (Unit 1803) - oFFE57p1ROqUP0GEA-GTFA@geopod-ismtpd-canary-0.pdf,13/06/2025,250613 - Re_ Follow-up  Formal Demand & Statement Regarding Unresolved Repairs (Unit 1803),oFFE57p1ROqUP0GEA-GTFA@geopod-ismtpd-canary-0,geopod-ismtpd-canary-0,oFFE57p1ROqUP0GEA-GTFA@geopod-ismtpd-canary-0,181.26,31/10/2025 02:14
55,250613 - You have reached us outside of business hours - aV8DXJjjRjqJw1uYtwYRbQ@geopod-ismtpd-10.pdf,13/06/2025,250613 - You have reached us outside of business hours,aV8DXJjjRjqJw1uYtwYRbQ@geopod-ismtpd-10,geopod-ismtpd-10,aV8DXJjjRjqJw1uYtwYRbQ@geopod-ismtpd-10,73.55,31/10/2025 02:14
56,250616 - Re_ Follow-up  Formal Demand & Statement Regarding Unresolved Repairs (Unit 1803) - CAAV=8vvDk0Nd0o1KxFuePuKE5GSfTVKPNQTgRxQFfM4jPYq0kA@mail.gmail.com.pdf,16/06/2025,250616 - Re_ Follow-up  Formal Demand & Statement Regarding Unresolved Repairs (Unit 1803),CAAV=8vvDk0Nd0o1KxFuePuKE5GSfTVKPNQTgRxQFfM4jPYq0kA@mail.gmail.com,mail.gmail.com,CAAV=8vvDk0Nd0o1KxFuePuKE5GSfTVKPNQTgRxQFfM4jPYq0kA@mail.gmail.com,101.19,31/10/2025 02:14
57,250616 - Re_ Follow-up  Formal Demand & Statement Regarding Unresolved Repairs (Unit 1803) - XKkyKuy2R0mNufTA4QFQsg@geopod-ismtpd-8.pdf,16/06/2025,250616 - Re_ Follow-up  Formal Demand & Statement Regarding Unresolved Repairs (Unit 1803),XKkyKuy2R0mNufTA4QFQsg@geopod-ismtpd-8,geopod-ismtpd-8,XKkyKuy2R0mNufTA4QFQsg@geopod-ismtpd-8,145.59,31/10/2025 02:14
58,250616 - You have reached us outside of business hours - T0iNuMs9THG2zC-v7v70Zg@geopod-ismtpd-10.pdf,16/06/2025,250616 - You have reached us outside of business hours,T0iNuMs9THG2zC-v7v70Zg@geopod-ismtpd-10,geopod-ismtpd-10,T0iNuMs9THG2zC-v7v70Zg@geopod-ismtpd-10,73.33,31/10/2025 02:14
59,250618 - Remediation Works  Start Date Confirmed - jDdicc5QRQuFndK1xPjB6w@geopod-ismtpd-12.pdf,18/06/2025,250618 - Remediation Works  Start Date Confirmed,jDdicc5QRQuFndK1xPjB6w@geopod-ismtpd-12,geopod-ismtpd-12,jDdicc5QRQuFndK1xPjB6w@geopod-ismtpd-12,96.55,31/10/2025 02:14
60,250623 - Re_ Follow-up  Formal Demand & Statement Regarding Unresolved Repairs (Unit 1803) - -Yy8h3xmSTCky_FFv3gCjQ@geopod-ismtpd-5.pdf,23/06/2025,250623 - Re_ Follow-up  Formal Demand & Statement Regarding Unresolved Repairs (Unit 1803),-Yy8h3xmSTCky_FFv3gCjQ@geopod-ismtpd-5,geopod-ismtpd-5,-Yy8h3xmSTCky_FFv3gCjQ@geopod-ismtpd-5,159.10,31/10/2025 02:15
61,250623 - Re_ Follow-up  Formal Demand & Statement Regarding Unresolved Repairs (Unit 1803) - CAAV=8vsQuD+Bhy97R6kAOhrkKWYgmGLFNzHR-GazuDz98Wm9-w@mail.gmail.com.pdf,23/06/2025,250623 - Re_ Follow-up  Formal Demand & Statement Regarding Unresolved Repairs (Unit 1803),CAAV=8vsQuD+Bhy97R6kAOhrkKWYgmGLFNzHR-GazuDz98Wm9-w@mail.gmail.com,mail.gmail.com,CAAV=8vsQuD+Bhy97R6kAOhrkKWYgmGLFNzHR-GazuDz98Wm9-w@mail.gmail.com,109.92,31/10/2025 02:15
62,250623 - Re_ Follow-up  Formal Demand & Statement Regarding Unresolved Repairs (Unit 1803) - OENqYgufTjCHaYY_uY7gdg@geopod-ismtpd-4.pdf,23/06/2025,250623 - Re_ Follow-up  Formal Demand & Statement Regarding Unresolved Repairs (Unit 1803),OENqYgufTjCHaYY_uY7gdg@geopod-ismtpd-4,geopod-ismtpd-4,OENqYgufTjCHaYY_uY7gdg@geopod-ismtpd-4,227.25,31/10/2025 02:15
63,250623-medical-documentation.pdf,23/06/2025,medical-documentation,N/A,N/A,N/A,649.06,14/10/2025 07:27
64,250623-medical-expenses.pdf,23/06/2025,medical-expenses,N/A,N/A,N/A,224.74,14/10/2025 07:27
65,"250624 - RDRV - Case RT252398 - 33 Camberwell Rd, Hawthorn East, VIC, 3123 - ME2PR01MB536147C880F7C60872EE3DF6A978A@ME2PR01MB5361.ausprd01.prod.outlook.com.pdf",24/06/2025,"250624 - RDRV - Case RT252398 - 33 Camberwell Rd, Hawthorn East, VIC, 3123",ME2PR01MB536147C880F7C60872EE3DF6A978A@ME2PR01MB5361.ausprd01.prod.outlook.com,ME2PR01MB5361.ausprd01.prod.outlook.com,ME2PR01MB536147C880F7C60872EE3DF6A978A@ME2PR01MB5361.ausprd01.prod.outlook.com,107.96,31/10/2025 02:15
66,250624 - Re_ Follow-up  Formal Demand & Statement Regarding Unresolved Repairs (Unit 1803) - 0XZYhteuQbOupCJ1ekXLtA@geopod-ismtpd-15.pdf,24/06/2025,250624 - Re_ Follow-up  Formal Demand & Statement Regarding Unresolved Repairs (Unit 1803),0XZYhteuQbOupCJ1ekXLtA@geopod-ismtpd-15,geopod-ismtpd-15,0XZYhteuQbOupCJ1ekXLtA@geopod-ismtpd-15,163.79,31/10/2025 02:15
67,250624 - Re_ Follow-up  Formal Demand & Statement Regarding Unresolved Repairs (Unit 1803) - CAAV=8vue+yeVtRzJz1DBxxe68AwzwMvfEkHuk+1bGe4kY3W-qQ@mail.gmail.com.pdf,24/06/2025,250624 - Re_ Follow-up  Formal Demand & Statement Regarding Unresolved Repairs (Unit 1803),CAAV=8vue+yeVtRzJz1DBxxe68AwzwMvfEkHuk+1bGe4kY3W-qQ@mail.gmail.com,mail.gmail.com,CAAV=8vue+yeVtRzJz1DBxxe68AwzwMvfEkHuk+1bGe4kY3W-qQ@mail.gmail.com,171.57,31/10/2025 02:15
68,"250624 - Re_ RDRV - Case RT252398 - 33 Camberwell Rd, Hawthorn East, VIC, 3123 - CAAV=8vuu5LTNJy3nPhkZPkGCdHqdtDGGt7UyF0c8DLN5K1NPvw@mail.gmail.com.pdf",24/06/2025,"250624 - Re_ RDRV - Case RT252398 - 33 Camberwell Rd, Hawthorn East, VIC, 3123",CAAV=8vuu5LTNJy3nPhkZPkGCdHqdtDGGt7UyF0c8DLN5K1NPvw@mail.gmail.com,mail.gmail.com,CAAV=8vuu5LTNJy3nPhkZPkGCdHqdtDGGt7UyF0c8DLN5K1NPvw@mail.gmail.com,104.49,31/10/2025 02:15
69,"250624 - Receipt of payment for 1803_243 Franklin Street, Melbourne VIC 3000 - ZJAAxgQMTiCsbiKTAQu1VQ@geopod-ismtpd-12.pdf",24/06/2025,"250624 - Receipt of payment for 1803_243 Franklin Street, Melbourne VIC 3000",ZJAAxgQMTiCsbiKTAQu1VQ@geopod-ismtpd-12,geopod-ismtpd-12,ZJAAxgQMTiCsbiKTAQu1VQ@geopod-ismtpd-12,76.97,31/10/2025 02:15
70,250624 - Residential Tenancies Dispute Submission for RT252398  CMS_0014253156 - 22C8133778574981AFE79EFBB2AD07EA1DBE471C10EE@CASES.COURTS.VIC.GOV.AU.pdf,24/06/2025,250624 - Residential Tenancies Dispute Submission for RT252398  CMS_0014253156,22C8133778574981AFE79EFBB2AD07EA1DBE471C10EE@CASES.COURTS.VIC.GOV.AU,CASES.COURTS.VIC.GOV.AU,22C8133778574981AFE79EFBB2AD07EA1DBE471C10EE@CASES.COURTS.VIC.GOV.AU,78.60,31/10/2025 02:15
71,250624 - VCAT RDRV account email verification code - 68599988.050a0220.1a2398.691cSMTPIN_ADDED_BROKEN@mx.google.com.pdf,24/06/2025,250624 - VCAT RDRV account email verification code,68599988.050a0220.1a2398.691cSMTPIN_ADDED_BROKEN@mx.google.com,mx.google.com,68599988.050a0220.1a2398.691cSMTPIN_ADDED_BROKEN@mx.google.com,46.44,31/10/2025 02:15
72,250624 - You have reached us outside of business hours - k5cNctQzRsqL10qPlUK1Cw@geopod-ismtpd-6.pdf,24/06/2025,250624 - You have reached us outside of business hours,k5cNctQzRsqL10qPlUK1Cw@geopod-ismtpd-6,geopod-ismtpd-6,k5cNctQzRsqL10qPlUK1Cw@geopod-ismtpd-6,73.03,31/10/2025 02:15
73,250624-24-06-2025 - Applicant 1 - Application.pdf,24/06/2025,24-06-2025 - Applicant 1,Application,N/A,N/A,109.07,24/06/2025 05:05
74,250624-Receipt # 90497.pdf,24/06/2025,Receipt # 90497,N/A,N/A,N/A,77.90,24/06/2025 18:12
75,"250625 - RDRV - Case RT252398 - 33 Camberwell Rd, Hawthorn East, VIC, 3123 - ME2PR01MB536189A34A8FE813E4ACB5ECA97BA@ME2PR01MB5361.ausprd01.prod.outlook.com.pdf",25/06/2025,"250625 - RDRV - Case RT252398 - 33 Camberwell Rd, Hawthorn East, VIC, 3123",ME2PR01MB536189A34A8FE813E4ACB5ECA97BA@ME2PR01MB5361.ausprd01.prod.outlook.com,ME2PR01MB5361.ausprd01.prod.outlook.com,ME2PR01MB536189A34A8FE813E4ACB5ECA97BA@ME2PR01MB5361.ausprd01.prod.outlook.com,107.50,31/10/2025 02:15
76,"250625 - Re_ RDRV - Case RT252398 - 33 Camberwell Rd, Hawthorn East, VIC, 3123 - SY0PR01MB893890379D42200140E924FFD07BA@SY0PR01MB8938.ausprd01.prod.outlook.com.pdf",25/06/2025,"250625 - Re_ RDRV - Case RT252398 - 33 Camberwell Rd, Hawthorn East, VIC, 3123",SY0PR01MB893890379D42200140E924FFD07BA@SY0PR01MB8938.ausprd01.prod.outlook.com,SY0PR01MB8938.ausprd01.prod.outlook.com,SY0PR01MB893890379D42200140E924FFD07BA@SY0PR01MB8938.ausprd01.prod.outlook.com,312.27,31/10/2025 02:15
77,"250625 - Re_ RDRV - Case RT252398 - 33 Camberwell Rd, Hawthorn East, VIC, 3123 - SY0PR01MB8938AC30F5A6B1DB2CB9C23CD07BA@SY0PR01MB8938.ausprd01.prod.outlook.com.pdf",25/06/2025,"250625 - Re_ RDRV - Case RT252398 - 33 Camberwell Rd, Hawthorn East, VIC, 3123",SY0PR01MB8938AC30F5A6B1DB2CB9C23CD07BA@SY0PR01MB8938.ausprd01.prod.outlook.com,SY0PR01MB8938.ausprd01.prod.outlook.com,SY0PR01MB8938AC30F5A6B1DB2CB9C23CD07BA@SY0PR01MB8938.ausprd01.prod.outlook.com,367.41,31/10/2025 02:15
78,"250626 - Re_ RDRV - Case RT252398 - 33 Camberwell Rd, Hawthorn East, VIC, 3123 - CAAV=8vvTqt9woJ+CiKB66HUYwMLnkKc67-=-UEtEpFWq_NTrGQ@mail.gmail.com.pdf",26/06/2025,"250626 - Re_ RDRV - Case RT252398 - 33 Camberwell Rd, Hawthorn East, VIC, 3123",CAAV=8vvTqt9woJ+CiKB66HUYwMLnkKc67-=-UEtEpFWq_NTrGQ@mail.gmail.com,mail.gmail.com,CAAV=8vvTqt9woJ+CiKB66HUYwMLnkKc67-=-UEtEpFWq_NTrGQ@mail.gmail.com,344.74,31/10/2025 02:15
79,"250626 - Re_ RDRV - Case RT252398 - 33 Camberwell Rd, Hawthorn East, VIC, 3123 - ME2PR01MB53610532DA8B85B21E797787A97AA@ME2PR01MB5361.ausprd01.prod.outlook.com.pdf",26/06/2025,"250626 - Re_ RDRV - Case RT252398 - 33 Camberwell Rd, Hawthorn East, VIC, 3123",ME2PR01MB53610532DA8B85B21E797787A97AA@ME2PR01MB5361.ausprd01.prod.outlook.com,ME2PR01MB5361.ausprd01.prod.outlook.com,ME2PR01MB53610532DA8B85B21E797787A97AA@ME2PR01MB5361.ausprd01.prod.outlook.com,344.29,31/10/2025 02:15
80,"250626 - Re_ RDRV - Case RT252398 - 33 Camberwell Rd, Hawthorn East, VIC, 3123 - SY0PR01MB89380B2BE8131492AC463717D07AA@SY0PR01MB8938.ausprd01.prod.outlook.com.pdf",26/06/2025,"250626 - Re_ RDRV - Case RT252398 - 33 Camberwell Rd, Hawthorn East, VIC, 3123",SY0PR01MB89380B2BE8131492AC463717D07AA@SY0PR01MB8938.ausprd01.prod.outlook.com,SY0PR01MB8938.ausprd01.prod.outlook.com,SY0PR01MB89380B2BE8131492AC463717D07AA@SY0PR01MB8938.ausprd01.prod.outlook.com,360.74,31/10/2025 02:15
81,250627 - RDRV Order - RT252398 CMS_0014256123 - 9D3EF12496974851BF5FFFA72AE6F7C41DBE71CA7399@CASES.COURTS.VIC.GOV.AU.pdf,27/06/2025,250627 - RDRV Order - RT252398 CMS_0014256123,9D3EF12496974851BF5FFFA72AE6F7C41DBE71CA7399@CASES.COURTS.VIC.GOV.AU,CASES.COURTS.VIC.GOV.AU,9D3EF12496974851BF5FFFA72AE6F7C41DBE71CA7399@CASES.COURTS.VIC.GOV.AU,79.49,31/10/2025 02:15
82,"250627 - Re_ RDRV - Case RT252398 - 33 Camberwell Rd, Hawthorn East, VIC, 3123 - SY0PR01MB89382294434912159D0AA05AD045A@SY0PR01MB8938.ausprd01.prod.outlook.com.pdf",27/06/2025,"250627 - Re_ RDRV - Case RT252398 - 33 Camberwell Rd, Hawthorn East, VIC, 3123",SY0PR01MB89382294434912159D0AA05AD045A@SY0PR01MB8938.ausprd01.prod.outlook.com,SY0PR01MB8938.ausprd01.prod.outlook.com,SY0PR01MB89382294434912159D0AA05AD045A@SY0PR01MB8938.ausprd01.prod.outlook.com,383.46,31/10/2025 02:15
83,"250627 - Re_ RDRV - Case RT252398 - 33 Camberwell Rd, Hawthorn East, VIC, 3123 - SY0PR01MB8938CA371A0AD3AD989A55DFD045A@SY0PR01MB8938.ausprd01.prod.outlook.com.pdf",27/06/2025,"250627 - Re_ RDRV - Case RT252398 - 33 Camberwell Rd, Hawthorn East, VIC, 3123",SY0PR01MB8938CA371A0AD3AD989A55DFD045A@SY0PR01MB8938.ausprd01.prod.outlook.com,SY0PR01MB8938.ausprd01.prod.outlook.com,SY0PR01MB8938CA371A0AD3AD989A55DFD045A@SY0PR01MB8938.ausprd01.prod.outlook.com,392.91,31/10/2025 02:15
84,"250627 - Re_ RDRV - Case RT252398 - 33 Camberwell Rd, Hawthorn East, VIC, 3123 CMS_0056400069 - 6AB1256270E642C5A082F8D9FAC3A3531DBE71B64B97@CASES.COURTS.VIC.GOV.AU.pdf",27/06/2025,"250627 - Re_ RDRV - Case RT252398 - 33 Camberwell Rd, Hawthorn East, VIC, 3123 CMS_0056400069",6AB1256270E642C5A082F8D9FAC3A3531DBE71B64B97@CASES.COURTS.VIC.GOV.AU,CASES.COURTS.VIC.GOV.AU,6AB1256270E642C5A082F8D9FAC3A3531DBE71B64B97@CASES.COURTS.VIC.GOV.AU,382.58,31/10/2025 02:15
85,250627 - Update to RT252398 CMS_0014256122 - D8E3DC7A6635494789FE3C7E564BB8401DBE71CA6C3A@CASES.COURTS.VIC.GOV.AU.pdf,27/06/2025,250627 - Update to RT252398 CMS_0014256122,D8E3DC7A6635494789FE3C7E564BB8401DBE71CA6C3A@CASES.COURTS.VIC.GOV.AU,CASES.COURTS.VIC.GOV.AU,D8E3DC7A6635494789FE3C7E564BB8401DBE71CA6C3A@CASES.COURTS.VIC.GOV.AU,69.74,31/10/2025 02:15
86,250627 - VCAT RDRV account email verification code - 685e4c8d.050a0220.170fea.e557SMTPIN_ADDED_BROKEN@mx.google.com.pdf,27/06/2025,250627 - VCAT RDRV account email verification code,685e4c8d.050a0220.170fea.e557SMTPIN_ADDED_BROKEN@mx.google.com,mx.google.com,685e4c8d.050a0220.170fea.e557SMTPIN_ADDED_BROKEN@mx.google.com,46.75,31/10/2025 02:15
87,250627-27-06-2025 - Strike out - Consent order - Order f058873a.pdf,27/06/2025,27-06-2025 - Strike out - Consent order,Order f058873a,N/A,N/A,129.46,27/06/2025 14:33
88,250627-AusPost lodgement.pdf,27/06/2025,AusPost lodgement,N/A,N/A,N/A,103.48,27/06/2025 15:09
89,250627-Notice of entry 7 July 2025.pdf,27/06/2025,Notice of entry 7 July 2025,N/A,N/A,N/A,9.45,27/06/2025 15:09
90,250627-Notice of entry 8 July 2025.pdf,27/06/2025,Notice of entry 8 July 2025,N/A,N/A,N/A,9.42,27/06/2025 15:09
91,250627-Notice of entry 9 July 2025.pdf,27/06/2025,Notice of entry 9 July 2025,N/A,N/A,N/A,9.42,27/06/2025 15:09
92,250627-Notice of entry lable.pdf,27/06/2025,Notice of entry lable,N/A,N/A,N/A,135.16,27/06/2025 15:09
93,250627-tax invoice.pdf,27/06/2025,tax invoice,N/A,N/A,N/A,49.09,27/06/2025 11:44
94,250701 - Areal monthly after-hours trades list update - gSL8Bh6nTMulPWEuc15cZQ@geopod-ismtpd-4.pdf,01/07/2025,250701 - Areal monthly after-hours trades list update,gSL8Bh6nTMulPWEuc15cZQ@geopod-ismtpd-4,geopod-ismtpd-4,gSL8Bh6nTMulPWEuc15cZQ@geopod-ismtpd-4,78.42,31/10/2025 02:15
95,250701 - Areal monthly after-hours trades list update - xJ4RkcCoTSqqA5rfhGBuNQ@geopod-ismtpd-11.pdf,01/07/2025,250701 - Areal monthly after-hours trades list update,xJ4RkcCoTSqqA5rfhGBuNQ@geopod-ismtpd-11,geopod-ismtpd-11,xJ4RkcCoTSqqA5rfhGBuNQ@geopod-ismtpd-11,78.50,31/10/2025 02:15
96,"250701 - Re_ RDRV - Case RT252398 - 33 Camberwell Rd, Hawthorn East, VIC, 3123 - CAAV=8vtEscj+pX9-tdyyE81OLDsLOFKR=oZ3KZj8RX+G47sjSA@mail.gmail.com.pdf",01/07/2025,"250701 - Re_ RDRV - Case RT252398 - 33 Camberwell Rd, Hawthorn East, VIC, 3123",CAAV=8vtEscj+pX9-tdyyE81OLDsLOFKR=oZ3KZj8RX+G47sjSA@mail.gmail.com,mail.gmail.com,CAAV=8vtEscj+pX9-tdyyE81OLDsLOFKR=oZ3KZj8RX+G47sjSA@mail.gmail.com,409.79,31/10/2025 02:15
97,"250701 - Re_ RDRV - Case RT252398 - 33 Camberwell Rd, Hawthorn East, VIC, 3123 - SY0PR01MB8938454405B975890A3599F5D041A@SY0PR01MB8938.ausprd01.prod.outlook.com.pdf",01/07/2025,"250701 - Re_ RDRV - Case RT252398 - 33 Camberwell Rd, Hawthorn East, VIC, 3123",SY0PR01MB8938454405B975890A3599F5D041A@SY0PR01MB8938.ausprd01.prod.outlook.com,SY0PR01MB8938.ausprd01.prod.outlook.com,SY0PR01MB8938454405B975890A3599F5D041A@SY0PR01MB8938.ausprd01.prod.outlook.com,415.58,31/10/2025 02:15
98,"250701 - Re_ RDRV - Case RT252398 - 33 Camberwell Rd, Hawthorn East, VIC, 3123 - SY0PR01MB8938FA1673F305E1BE93D7D7D041A@SY0PR01MB8938.ausprd01.prod.outlook.com.pdf",01/07/2025,"250701 - Re_ RDRV - Case RT252398 - 33 Camberwell Rd, Hawthorn East, VIC, 3123",SY0PR01MB8938FA1673F305E1BE93D7D7D041A@SY0PR01MB8938.ausprd01.prod.outlook.com,SY0PR01MB8938.ausprd01.prod.outlook.com,SY0PR01MB8938FA1673F305E1BE93D7D7D041A@SY0PR01MB8938.ausprd01.prod.outlook.com,434.56,31/10/2025 02:15
99,250701-Exhibit_A_20250616_0437.pdf,01/07/2025,Exhibit_A_20250616_0437,N/A,N/A,N/A,77.32,01/07/2025 15:07
100,250701-Exhibit_B_20250616_1152.pdf,01/07/2025,Exhibit_B_20250616_1152,N/A,N/A,N/A,91.51,01/07/2025 15:07
101,250701-Exhibit_C_20250623_1505.pdf,01/07/2025,Exhibit_C_20250623_1505,N/A,N/A,N/A,109.65,01/07/2025 15:07
102,250701-Exhibit_D_20250627_1509.pdf,01/07/2025,Exhibit_D_20250627_1509,N/A,N/A,N/A,441.76,01/07/2025 15:07
103,250701-NTE 10-07.pdf,01/07/2025,NTE 10-07,N/A,N/A,N/A,10.21,01/07/2025 17:19
104,250701-NTE 11-07.pdf,01/07/2025,NTE 11-07,N/A,N/A,N/A,10.24,01/07/2025 17:19
105,250701-NTE 14-07.pdf,01/07/2025,NTE 14-07,N/A,N/A,N/A,10.21,01/07/2025 17:19
106,250701-NTE 15-07.pdf,01/07/2025,NTE 15-07,N/A,N/A,N/A,10.21,01/07/2025 17:19
107,250701-Reg Post Lodgement Slips.pdf,01/07/2025,Reg Post Lodgement Slips,N/A,N/A,N/A,127.49,01/07/2025 17:19
108,250701-Reg Post Sender Slips.pdf,01/07/2025,Reg Post Sender Slips,N/A,N/A,N/A,169.73,01/07/2025 17:19
109,"250703 - Re_ RDRV - Case RT252398 - 33 Camberwell Rd, Hawthorn East, VIC, 3123 - CAAV=8vvKKQ_x4FZWt2UF+cNNw_i-XwMNOZ_UV8TbgiqmHKNLnQ@mail.gmail.com.pdf",03/07/2025,"250703 - Re_ RDRV - Case RT252398 - 33 Camberwell Rd, Hawthorn East, VIC, 3123",CAAV=8vvKKQ_x4FZWt2UF+cNNw_i-XwMNOZ_UV8TbgiqmHKNLnQ@mail.gmail.com,mail.gmail.com,CAAV=8vvKKQ_x4FZWt2UF+cNNw_i-XwMNOZ_UV8TbgiqmHKNLnQ@mail.gmail.com,46.33,31/10/2025 02:15
110,250703 - You have reached us outside of business hours - RsSCmNZcR66ZUikR7ELrmg@geopod-ismtpd-3.pdf,03/07/2025,250703 - You have reached us outside of business hours,RsSCmNZcR66ZUikR7ELrmg@geopod-ismtpd-3,geopod-ismtpd-3,RsSCmNZcR66ZUikR7ELrmg@geopod-ismtpd-3,73.00,31/10/2025 02:15
111,"250704 - Re_ RDRV - Case RT252398 - 33 Camberwell Rd, Hawthorn East, VIC, 3123 - 5m7PnjqaSFSHO6OsrY20JQ@geopod-ismtpd-9.pdf",04/07/2025,"250704 - Re_ RDRV - Case RT252398 - 33 Camberwell Rd, Hawthorn East, VIC, 3123",5m7PnjqaSFSHO6OsrY20JQ@geopod-ismtpd-9,geopod-ismtpd-9,5m7PnjqaSFSHO6OsrY20JQ@geopod-ismtpd-9,102.14,31/10/2025 02:15
112,"250704 - Re_ RDRV - Case RT252398 - 33 Camberwell Rd, Hawthorn East, VIC, 3123 - CAAV=8vsuH4ugfx=+-gEFfAMNdnroimuOW7iPQ7anxzjP-1hO=Q@mail.gmail.com.pdf",04/07/2025,"250704 - Re_ RDRV - Case RT252398 - 33 Camberwell Rd, Hawthorn East, VIC, 3123",CAAV=8vsuH4ugfx=+-gEFfAMNdnroimuOW7iPQ7anxzjP-1hO=Q@mail.gmail.com,mail.gmail.com,CAAV=8vsuH4ugfx=+-gEFfAMNdnroimuOW7iPQ7anxzjP-1hO=Q@mail.gmail.com,95.49,31/10/2025 02:15
113,"250704 - Re_ RDRV - Case RT252398 - 33 Camberwell Rd, Hawthorn East, VIC, 3123 - CAAV=8vvt8hWm1o45QGHR7yPT6RUHap1hHodqNLhMiB+i1qH+kA@mail.gmail.com.pdf",04/07/2025,"250704 - Re_ RDRV - Case RT252398 - 33 Camberwell Rd, Hawthorn East, VIC, 3123",CAAV=8vvt8hWm1o45QGHR7yPT6RUHap1hHodqNLhMiB+i1qH+kA@mail.gmail.com,mail.gmail.com,CAAV=8vvt8hWm1o45QGHR7yPT6RUHap1hHodqNLhMiB+i1qH+kA@mail.gmail.com,101.29,31/10/2025 02:15
114,250704 - You have reached us outside of business hours - HB_2sHe0TJm17bsMBrHGWQ@geopod-ismtpd-17.pdf,04/07/2025,250704 - You have reached us outside of business hours,HB_2sHe0TJm17bsMBrHGWQ@geopod-ismtpd-17,geopod-ismtpd-17,HB_2sHe0TJm17bsMBrHGWQ@geopod-ismtpd-17,73.62,31/10/2025 02:15
115,250704-Public Liability.pdf,04/07/2025,Public Liability,N/A,N/A,N/A,75.58,04/07/2025 17:55
116,"250707 - Re_ RDRV - Case RT252398 - 33 Camberwell Rd, Hawthorn East, VIC, 3123 - SY0PR01MB8938D6189AFC2FE2A3722E9AD04FA@SY0PR01MB8938.ausprd01.prod.outlook.com.pdf",07/07/2025,"250707 - Re_ RDRV - Case RT252398 - 33 Camberwell Rd, Hawthorn East, VIC, 3123",SY0PR01MB8938D6189AFC2FE2A3722E9AD04FA@SY0PR01MB8938.ausprd01.prod.outlook.com,SY0PR01MB8938.ausprd01.prod.outlook.com,SY0PR01MB8938D6189AFC2FE2A3722E9AD04FA@SY0PR01MB8938.ausprd01.prod.outlook.com,330.63,31/10/2025 02:16
117,"250709 - Re_ RDRV - Case RT252398 - 33 Camberwell Rd, Hawthorn East, VIC, 3123 - SY8PR01MB89487B70BA6658C1132F2DC8D049A@SY8PR01MB8948.ausprd01.prod.outlook.com.pdf",09/07/2025,"250709 - Re_ RDRV - Case RT252398 - 33 Camberwell Rd, Hawthorn East, VIC, 3123",SY8PR01MB89487B70BA6658C1132F2DC8D049A@SY8PR01MB8948.ausprd01.prod.outlook.com,SY8PR01MB8948.ausprd01.prod.outlook.com,SY8PR01MB89487B70BA6658C1132F2DC8D049A@SY8PR01MB8948.ausprd01.prod.outlook.com,339.11,31/10/2025 02:16
118,"250711 - Notice to vacate - 1803_243 Franklin Street, Melbourne VIC 3000 - LC0sl9DITRqJVpDrvRiu2Q@geopod-ismtpd-8.pdf",11/07/2025,"250711 - Notice to vacate - 1803_243 Franklin Street, Melbourne VIC 3000",LC0sl9DITRqJVpDrvRiu2Q@geopod-ismtpd-8,geopod-ismtpd-8,LC0sl9DITRqJVpDrvRiu2Q@geopod-ismtpd-8,81.59,31/10/2025 02:16
119,"250711 - Re_ RDRV - Case RT252398 - 33 Camberwell Rd, Hawthorn East, VIC, 3123 - CAAV=8vseTMoCJbtNE2V0o+Ke=zLWdevsrJriCiD=ZeCeozMsnA@mail.gmail.com.pdf",11/07/2025,"250711 - Re_ RDRV - Case RT252398 - 33 Camberwell Rd, Hawthorn East, VIC, 3123",CAAV=8vseTMoCJbtNE2V0o+Ke=zLWdevsrJriCiD=ZeCeozMsnA@mail.gmail.com,mail.gmail.com,CAAV=8vseTMoCJbtNE2V0o+Ke=zLWdevsrJriCiD=ZeCeozMsnA@mail.gmail.com,637.51,31/10/2025 02:16
120,"250711 - Vacating instructions - 1803_243 Franklin Street, Melbourne VIC 3000 - YUZNhpYcT8uJiUuwW877SQ@geopod-ismtpd-4.pdf",11/07/2025,"250711 - Vacating instructions - 1803_243 Franklin Street, Melbourne VIC 3000",YUZNhpYcT8uJiUuwW877SQ@geopod-ismtpd-4,geopod-ismtpd-4,YUZNhpYcT8uJiUuwW877SQ@geopod-ismtpd-4,83.80,31/10/2025 02:16
121,250711-Message Thread Franklin Stpdf.pdf,11/07/2025,Message Thread Franklin Stpdf,N/A,N/A,N/A,101.79,11/07/2025 17:12
122,250711-Move out guide & tips to get your bond back.pdf,11/07/2025,Move out guide & tips to get your bond back,N/A,N/A,N/A,198.68,31/10/2025 14:25
123,250711-NOTICE TO VACATE U1803 243 FRANKLIN ST.pdf,11/07/2025,NOTICE TO VACATE U1803 243 FRANKLIN ST,N/A,N/A,N/A,17.17,11/07/2025 17:12
124,250711-Vacate Cleaning Guide.pdf,11/07/2025,Vacate Cleaning Guide,N/A,N/A,N/A,137.31,31/10/2025 14:26
125,250711-sylvia-to-podjana-move-out-guide.pdf,11/07/2025,sylvia-to-podjana-move-out-guide,N/A,N/A,N/A,88.24,14/10/2025 07:27
126,250711-sylvia-to-podjana-notice-to-vacate.pdf,11/07/2025,sylvia-to-podjana-notice-to-vacate,N/A,N/A,N/A,44.23,14/10/2025 07:27
127,250711-sylvia-to-podjana-vacate-cleaning-guide.pdf,11/07/2025,sylvia-to-podjana-vacate-cleaning-guide,N/A,N/A,N/A,97.00,14/10/2025 07:27
128,250711-sylvia-to-podjana-vacating.pdf,11/07/2025,sylvia-to-podjana-vacating,N/A,N/A,N/A,108.39,14/10/2025 07:27
129,250714 - VCAT Application R202518214_00  Challenge to Notice to Vacate - CAAV=8vtAn--H5Sf-Oz0_-VY=XyMrK-4ysX7wEa_4SvsU0F7VxA@mail.gmail.com.pdf,14/07/2025,250714 - VCAT Application R202518214_00  Challenge to Notice to Vacate,CAAV=8vtAn--H5Sf-Oz0_-VY=XyMrK-4ysX7wEa_4SvsU0F7VxA@mail.gmail.com,mail.gmail.com,CAAV=8vtAn--H5Sf-Oz0_-VY=XyMrK-4ysX7wEa_4SvsU0F7VxA@mail.gmail.com,64.21,31/10/2025 02:16
130,250714 - VCAT RDRV account email verification code - 6873ef03.050a0220.869ff.fc65SMTPIN_ADDED_BROKEN@mx.google.com.pdf,14/07/2025,250714 - VCAT RDRV account email verification code,6873ef03.050a0220.869ff.fc65SMTPIN_ADDED_BROKEN@mx.google.com,mx.google.com,6873ef03.050a0220.869ff.fc65SMTPIN_ADDED_BROKEN@mx.google.com,46.16,31/10/2025 02:16
131,250714 - VCAT Residential Tenancies Hub - Please confirm your registration - 10561684.1141752435296565.JavaMail.SVC-VCAT-GuardianPrd@P03464.pdf,14/07/2025,250714 - VCAT Residential Tenancies Hub - Please confirm your registration,10561684.1141752435296565.JavaMail.SVC-VCAT-GuardianPrd@P03464,P03464,10561684.1141752435296565.JavaMail.SVC-VCAT-GuardianPrd@P03464,55.09,31/10/2025 02:16
132,"250714 - VCAT has opened a case R202518214_00 about  243 Franklin St, Unit1803, MELBOURNE, VIC, 3000 - 2146321657.11649.1752478440219@P03465.dojvic.justice.vic.gov.au.pdf",14/07/2025,"250714 - VCAT has opened a case R202518214_00 about  243 Franklin St, Unit1803, MELBOURNE, VIC, 3000",2146321657.11649.1752478440219@P03465.dojvic.justice.vic.gov.au,P03465.dojvic.justice.vic.gov.au,2146321657.11649.1752478440219@P03465.dojvic.justice.vic.gov.au,184.71,31/10/2025 02:16
133,250714 - You have reached us outside of business hours - eQKE-KQ_TvmrGJFqNerSVQ@geopod-ismtpd-15.pdf,14/07/2025,250714 - You have reached us outside of business hours,eQKE-KQ_TvmrGJFqNerSVQ@geopod-ismtpd-15,geopod-ismtpd-15,eQKE-KQ_TvmrGJFqNerSVQ@geopod-ismtpd-15,72.89,31/10/2025 02:16
134,250714-VCAT Application R202518214-00 – Notice to Vacate Challenge.pdf,14/07/2025,VCAT Application R202518214-00 – Notice to Vacate Challenge,N/A,N/A,N/A,66.91,14/07/2025 22:39
135,250714-vcat-application-fee.pdf,14/07/2025,vcat-application-fee,N/A,N/A,N/A,134.75,14/10/2025 07:27
136,250715 - Automated response - VCAT Residential Tenancies - d8e33454ee1a42b28fe50b7978250c41@SYAPR01MB2544.ausprd01.prod.outlook.com.pdf,15/07/2025,250715 - Automated response - VCAT Residential Tenancies,d8e33454ee1a42b28fe50b7978250c41@SYAPR01MB2544.ausprd01.prod.outlook.com,SYAPR01MB2544.ausprd01.prod.outlook.com,d8e33454ee1a42b28fe50b7978250c41@SYAPR01MB2544.ausprd01.prod.outlook.com,84.66,31/10/2025 02:16
137,250715 - Automated response - VCAT Residential Tenancies - dd618c0bf0df4ab490c20715c4e35776@SYAPR01MB2544.ausprd01.prod.outlook.com.pdf,15/07/2025,250715 - Automated response - VCAT Residential Tenancies,dd618c0bf0df4ab490c20715c4e35776@SYAPR01MB2544.ausprd01.prod.outlook.com,SYAPR01MB2544.ausprd01.prod.outlook.com,dd618c0bf0df4ab490c20715c4e35776@SYAPR01MB2544.ausprd01.prod.outlook.com,85.05,31/10/2025 02:16
138,250715 - Fwd_ VCAT Application R202518214_00  Challenge to Notice to Vacate - CAAV=8vvztDLWS+Bg=Es0fJttbtsjFREbC4GQ=NJk7sYiPMRMtA@mail.gmail.com.pdf,15/07/2025,250715 - Fwd_ VCAT Application R202518214_00  Challenge to Notice to Vacate,CAAV=8vvztDLWS+Bg=Es0fJttbtsjFREbC4GQ=NJk7sYiPMRMtA@mail.gmail.com,mail.gmail.com,CAAV=8vvztDLWS+Bg=Es0fJttbtsjFREbC4GQ=NJk7sYiPMRMtA@mail.gmail.com,66.49,31/10/2025 02:16
139,250715 - Re_ Your VCAT application_ more information needed- VCAT reference_ R202518214 - CAAV=8vt7RDekoOznVjEh_HSrTmBXTUsJU9h9YJV4gGeRvYBqBg@mail.gmail.com.pdf,15/07/2025,250715 - Re_ Your VCAT application_ more information needed- VCAT reference_ R202518214,CAAV=8vt7RDekoOznVjEh_HSrTmBXTUsJU9h9YJV4gGeRvYBqBg@mail.gmail.com,mail.gmail.com,CAAV=8vt7RDekoOznVjEh_HSrTmBXTUsJU9h9YJV4gGeRvYBqBg@mail.gmail.com,101.99,31/10/2025 02:16
140,250715 - VCAT RDRV account email verification code - 68752515.050a0220.3bf39c.b438SMTPIN_ADDED_BROKEN@mx.google.com.pdf,15/07/2025,250715 - VCAT RDRV account email verification code,68752515.050a0220.3bf39c.b438SMTPIN_ADDED_BROKEN@mx.google.com,mx.google.com,68752515.050a0220.3bf39c.b438SMTPIN_ADDED_BROKEN@mx.google.com,45.93,31/10/2025 02:16
141,250715 - Your VCAT application_ more information needed- VCAT reference_ R202518214 - SYAPR01MB2544CA2C902FB8B99013A09EA357A@SYAPR01MB2544.ausprd01.prod.outlook.com.pdf,15/07/2025,250715 - Your VCAT application_ more information needed- VCAT reference_ R202518214,SYAPR01MB2544CA2C902FB8B99013A09EA357A@SYAPR01MB2544.ausprd01.prod.outlook.com,SYAPR01MB2544.ausprd01.prod.outlook.com,SYAPR01MB2544CA2C902FB8B99013A09EA357A@SYAPR01MB2544.ausprd01.prod.outlook.com,91.64,31/10/2025 02:16
142,250715-VCAT Application R202518214_00 – Notice to Vacate Challenge.pdf,15/07/2025,VCAT Application R202518214_00 – Notice to Vacate Challenge,N/A,N/A,N/A,66.91,15/07/2025 18:34
143,250717 - VCAT RDRV account email verification code - 6878e59e.050a0220.24d944.5720SMTPIN_ADDED_BROKEN@mx.google.com.pdf,17/07/2025,250717 - VCAT RDRV account email verification code,6878e59e.050a0220.24d944.5720SMTPIN_ADDED_BROKEN@mx.google.com,mx.google.com,6878e59e.050a0220.24d944.5720SMTPIN_ADDED_BROKEN@mx.google.com,47.98,31/10/2025 02:16
144,250721 - VCAT Application  Possession of Property (Ref_ R202518589_00) - hIoXF-zUSZKlbr8YXGcelg@geopod-ismtpd-3.pdf,21/07/2025,250721 - VCAT Application  Possession of Property (Ref_ R202518589_00),hIoXF-zUSZKlbr8YXGcelg@geopod-ismtpd-3,geopod-ismtpd-3,hIoXF-zUSZKlbr8YXGcelg@geopod-ismtpd-3,111.61,31/10/2025 02:16
145,"250721 - VCAT has opened a case R202518589_00 about  1803_243 Franklin Street, MELBOURNE, VIC, 3000 - 856780728.23503.1753079881062@P03465.dojvic.justice.vic.gov.au.pdf",21/07/2025,"250721 - VCAT has opened a case R202518589_00 about  1803_243 Franklin Street, MELBOURNE, VIC, 3000",856780728.23503.1753079881062@P03465.dojvic.justice.vic.gov.au,P03465.dojvic.justice.vic.gov.au,856780728.23503.1753079881062@P03465.dojvic.justice.vic.gov.au,185.41,31/10/2025 02:16
146,250721-VCAT APPLICATION - POSSESSION.pdf,21/07/2025,VCAT APPLICATION,POSSESSION,N/A,N/A,12.74,21/07/2025 15:36
147,"250722 - Hearing scheduled for R202518589_00 1803_243 Franklin Street, MELBOURNE, VIC, 3000 - 1299007298.765.1753163281348@P03465.dojvic.justice.vic.gov.au.pdf",22/07/2025,"250722 - Hearing scheduled for R202518589_00 1803_243 Franklin Street, MELBOURNE, VIC, 3000",1299007298.765.1753163281348@P03465.dojvic.justice.vic.gov.au,P03465.dojvic.justice.vic.gov.au,1299007298.765.1753163281348@P03465.dojvic.justice.vic.gov.au,191.54,31/10/2025 02:16
148,250722 - Re_ VCAT Application R202518214_00  Challenge to Notice to Vacate - G7typ2VnQfuqdtQgM6bQWQ@geopod-ismtpd-14.pdf,22/07/2025,250722 - Re_ VCAT Application R202518214_00  Challenge to Notice to Vacate,G7typ2VnQfuqdtQgM6bQWQ@geopod-ismtpd-14,geopod-ismtpd-14,G7typ2VnQfuqdtQgM6bQWQ@geopod-ismtpd-14,114.85,31/10/2025 02:16
149,"250722 - VCAT order made about R202518214_00 243 Franklin St, Unit1803, MELBOURNE, VIC, 3000 - 1206100674.24049.1753137910788@P03465.dojvic.justice.vic.gov.au.pdf",22/07/2025,"250722 - VCAT order made about R202518214_00 243 Franklin St, Unit1803, MELBOURNE, VIC, 3000",1206100674.24049.1753137910788@P03465.dojvic.justice.vic.gov.au,P03465.dojvic.justice.vic.gov.au,1206100674.24049.1753137910788@P03465.dojvic.justice.vic.gov.au,132.47,31/10/2025 02:16
150,250722-order_194615752283.pdf,22/07/2025,order_194615752283,N/A,N/A,N/A,18.58,22/07/2025 15:56
151,250723 - VCAT RDRV account email verification code - 68807ed3.250a0220.217caa.9cd6SMTPIN_ADDED_BROKEN@mx.google.com.pdf,23/07/2025,250723 - VCAT RDRV account email verification code,68807ed3.250a0220.217caa.9cd6SMTPIN_ADDED_BROKEN@mx.google.com,mx.google.com,68807ed3.250a0220.217caa.9cd6SMTPIN_ADDED_BROKEN@mx.google.com,48.73,31/10/2025 02:16
152,250723 - VCAT RDRV account email verification code - 68807ed3.250a0220.27fbf3.6f8dSMTPIN_ADDED_BROKEN@mx.google.com.pdf,23/07/2025,250723 - VCAT RDRV account email verification code,68807ed3.250a0220.27fbf3.6f8dSMTPIN_ADDED_BROKEN@mx.google.com,mx.google.com,68807ed3.250a0220.27fbf3.6f8dSMTPIN_ADDED_BROKEN@mx.google.com,47.96,31/10/2025 02:16
153,250723 - VCAT RDRV account email verification code - 68807ee7.050a0220.1c346d.5772SMTPIN_ADDED_BROKEN@mx.google.com.pdf,23/07/2025,250723 - VCAT RDRV account email verification code,68807ee7.050a0220.1c346d.5772SMTPIN_ADDED_BROKEN@mx.google.com,mx.google.com,68807ee7.050a0220.1c346d.5772SMTPIN_ADDED_BROKEN@mx.google.com,47.66,31/10/2025 02:16
154,"250723 - VCAT order made about R202518589_00 1803_243 Franklin Street, MELBOURNE, VIC, 3000 - 1156002951.2709.1753224327078@P03465.dojvic.justice.vic.gov.au.pdf",23/07/2025,"250723 - VCAT order made about R202518589_00 1803_243 Franklin Street, MELBOURNE, VIC, 3000",1156002951.2709.1753224327078@P03465.dojvic.justice.vic.gov.au,P03465.dojvic.justice.vic.gov.au,1156002951.2709.1753224327078@P03465.dojvic.justice.vic.gov.au,133.95,31/10/2025 02:16
155,"250724 - VCAT evidence link R202518589 about 1803_243 Franklin Street, MELBOURNE, VIC, 3000 - SY7PR01MB83498DDC1220D44EBAA28BC28C5FA@SY7PR01MB8349.ausprd01.prod.outlook.com.pdf",24/07/2025,"250724 - VCAT evidence link R202518589 about 1803_243 Franklin Street, MELBOURNE, VIC, 3000",SY7PR01MB83498DDC1220D44EBAA28BC28C5FA@SY7PR01MB8349.ausprd01.prod.outlook.com,SY7PR01MB8349.ausprd01.prod.outlook.com,SY7PR01MB83498DDC1220D44EBAA28BC28C5FA@SY7PR01MB8349.ausprd01.prod.outlook.com,109.73,31/10/2025 02:16
156,"250725 - Receipt of payment for 1803_243 Franklin Street, Melbourne VIC 3000 - aDfCZq7LRBeV4zXEbE4NWg@geopod-ismtpd-2.pdf",25/07/2025,"250725 - Receipt of payment for 1803_243 Franklin Street, Melbourne VIC 3000",aDfCZq7LRBeV4zXEbE4NWg@geopod-ismtpd-2,geopod-ismtpd-2,aDfCZq7LRBeV4zXEbE4NWg@geopod-ismtpd-2,76.89,31/10/2025 02:16
157,250725-Receipt # 91716.pdf,25/07/2025,Receipt # 91716,N/A,N/A,N/A,78.10,25/07/2025 17:42
158,250801 - Areal monthly after-hours trades list update - XHMDU5k9R_KzLk9rNyLXtg@geopod-ismtpd-16.pdf,01/08/2025,250801 - Areal monthly after-hours trades list update,XHMDU5k9R_KzLk9rNyLXtg@geopod-ismtpd-16,geopod-ismtpd-16,XHMDU5k9R_KzLk9rNyLXtg@geopod-ismtpd-16,78.24,31/10/2025 02:16
159,"250808 - Hearing reminder for 1803_243 Franklin Street, MELBOURNE, VIC, 3000 R202518589_00 - 563040061.20417.1754658014190@P03465.dojvic.justice.vic.gov.au.pdf",08/08/2025,"250808 - Hearing reminder for 1803_243 Franklin Street, MELBOURNE, VIC, 3000 R202518589_00",563040061.20417.1754658014190@P03465.dojvic.justice.vic.gov.au,P03465.dojvic.justice.vic.gov.au,563040061.20417.1754658014190@P03465.dojvic.justice.vic.gov.au,181.23,31/10/2025 02:16
160,250812 - R202518589_00 - Summary of Proof - SYBPR01MB59524649299D4C2B91833C1DD12BA@SYBPR01MB5952.ausprd01.prod.outlook.com.pdf,12/08/2025,250812 - R202518589_00 - Summary of Proof,SYBPR01MB59524649299D4C2B91833C1DD12BA@SYBPR01MB5952.ausprd01.prod.outlook.com,SYBPR01MB5952.ausprd01.prod.outlook.com,SYBPR01MB59524649299D4C2B91833C1DD12BA@SYBPR01MB5952.ausprd01.prod.outlook.com,269.74,31/10/2025 02:16
161,250812 - Re_ R202518589_00 - Summary of Proof - CAAV=8vu9RA730o2oDbP80ugPsDbbF3CEUxc0v4uC6SRiQuJomw@mail.gmail.com.pdf,12/08/2025,250812 - Re_ R202518589_00 - Summary of Proof,CAAV=8vu9RA730o2oDbP80ugPsDbbF3CEUxc0v4uC6SRiQuJomw@mail.gmail.com,mail.gmail.com,CAAV=8vu9RA730o2oDbP80ugPsDbbF3CEUxc0v4uC6SRiQuJomw@mail.gmail.com,259.37,31/10/2025 02:16
162,250812-VCAT R202518589.00 Summary of proof.pdf,12/08/2025,VCAT R202518589.00 Summary of proof,N/A,N/A,N/A,1753.38,12/08/2025 14:35
163,"250815 - VCAT order made about R202518589_00 1803_243 Franklin Street, MELBOURNE, VIC, 3000 - 231605517.30985.1755211520747@P03465.dojvic.justice.vic.gov.au.pdf",15/08/2025,"250815 - VCAT order made about R202518589_00 1803_243 Franklin Street, MELBOURNE, VIC, 3000",231605517.30985.1755211520747@P03465.dojvic.justice.vic.gov.au,P03465.dojvic.justice.vic.gov.au,231605517.30985.1755211520747@P03465.dojvic.justice.vic.gov.au,133.80,31/10/2025 02:16
164,250817 -  Without Prejudice  Franklin 1803_ Settlement Terms (VCAT R2025_18589_00) - CAAV=8vudaEJRTaAbGUkPp40NVe4bniaN-Kvh54vdfN5bhb1wxQ@mail.gmail.com.pdf,17/08/2025,250817 -  Without Prejudice  Franklin 1803_ Settlement Terms (VCAT R2025_18589_00),CAAV=8vudaEJRTaAbGUkPp40NVe4bniaN-Kvh54vdfN5bhb1wxQ@mail.gmail.com,mail.gmail.com,CAAV=8vudaEJRTaAbGUkPp40NVe4bniaN-Kvh54vdfN5bhb1wxQ@mail.gmail.com,535.46,31/10/2025 02:16
165,"250817-Notice to vacate - 1803-243 Franklin Street, Melbourne VIC 3000.pdf",17/08/2025,Notice to vacate,"1803-243 Franklin Street, Melbourne VIC 3000",N/A,N/A,105.43,17/08/2025 17:11
166,250817-order_194930558979.pdf (SECURED).pdf,17/08/2025,order_194930558979.pdf (SECURED),N/A,N/A,N/A,73.04,17/08/2025 17:11
167,250819 - Re_ Without Prejudice  Franklin 1803_ Settlement Terms (VCAT R2025_18589_00) - SYAPR01MB25435B810DEA9ECDB8A81735D630A@SYAPR01MB2543.ausprd01.prod.outlook.com.pdf,19/08/2025,250819 - Re_ Without Prejudice  Franklin 1803_ Settlement Terms (VCAT R2025_18589_00),SYAPR01MB25435B810DEA9ECDB8A81735D630A@SYAPR01MB2543.ausprd01.prod.outlook.com,SYAPR01MB2543.ausprd01.prod.outlook.com,SYAPR01MB25435B810DEA9ECDB8A81735D630A@SYAPR01MB2543.ausprd01.prod.outlook.com,244.75,31/10/2025 02:16
168,"250822 - 1803_243 Franklin Street, Melbourne VIC 3000 - Notice of Entry - SYBPR01MB59527B27EBCB0DEE0B4668B2D13DA@SYBPR01MB5952.ausprd01.prod.outlook.com.pdf",22/08/2025,"250822 - 1803_243 Franklin Street, Melbourne VIC 3000 - Notice of Entry",SYBPR01MB59527B27EBCB0DEE0B4668B2D13DA@SYBPR01MB5952.ausprd01.prod.outlook.com,SYBPR01MB5952.ausprd01.prod.outlook.com,SYBPR01MB59527B27EBCB0DEE0B4668B2D13DA@SYBPR01MB5952.ausprd01.prod.outlook.com,258.73,31/10/2025 02:16
169,250822-FIXD investigation report.pdf,22/08/2025,FIXD investigation report,N/A,N/A,N/A,1483.42,22/08/2025 15:05
170,250822-Notice of Entry (combined).pdf,22/08/2025,Notice of Entry (combined),N/A,N/A,N/A,60.82,22/08/2025 15:05
171,250822-Reg post receipt.pdf,22/08/2025,Reg post receipt,N/A,N/A,N/A,94.25,22/08/2025 15:05
172,"250827 - Receipt of payment for 1803_243 Franklin Street, Melbourne VIC 3000 - DfhRI_fjQZqttaagZO6CFA@geopod-ismtpd-canary-0.pdf",27/08/2025,"250827 - Receipt of payment for 1803_243 Franklin Street, Melbourne VIC 3000",DfhRI_fjQZqttaagZO6CFA@geopod-ismtpd-canary-0,geopod-ismtpd-canary-0,DfhRI_fjQZqttaagZO6CFA@geopod-ismtpd-canary-0,79.33,31/10/2025 02:16
173,250827-Receipt # 92863.pdf,27/08/2025,Receipt # 92863,N/A,N/A,N/A,77.96,27/08/2025 17:47
174,"250828 - Re_ 1803_243 Franklin Street, Melbourne VIC 3000 - Notice of Entry - CAAV=8vuT9EGAE1-Vi9ce9691rvqzFrnnh3OC+VZPn_1FkY0G=Q@mail.gmail.com.pdf",28/08/2025,"250828 - Re_ 1803_243 Franklin Street, Melbourne VIC 3000 - Notice of Entry",CAAV=8vuT9EGAE1-Vi9ce9691rvqzFrnnh3OC+VZPn_1FkY0G=Q@mail.gmail.com,mail.gmail.com,CAAV=8vuT9EGAE1-Vi9ce9691rvqzFrnnh3OC+VZPn_1FkY0G=Q@mail.gmail.com,253.53,31/10/2025 02:16
175,250901 - Areal monthly after-hours trades list update - -WT58Zu6R6WQ1AbHy1IOZg@geopod-ismtpd-14.pdf,01/09/2025,250901 - Areal monthly after-hours trades list update,-WT58Zu6R6WQ1AbHy1IOZg@geopod-ismtpd-14,geopod-ismtpd-14,-WT58Zu6R6WQ1AbHy1IOZg@geopod-ismtpd-14,78.09,31/10/2025 02:16
176,250901-Chawakorn KAMNUANSIL (2508 NEW ADIT) Warning Letter for Unsatisfactory Attendance - Weekly-13495-20250901-141103.pdf,01/09/2025,Chawakorn KAMNUANSIL (2508 NEW ADIT) Warning Letter for Unsatisfactory Attendance,Weekly-13495-20250901-141103,N/A,N/A,93.57,14/10/2025 07:27
177,"250902 - Re_ 1803_243 Franklin Street, Melbourne VIC 3000 - Notice of Entry - SYBPR01MB5952D333273ECD4D79C06FE3D106A@SYBPR01MB5952.ausprd01.prod.outlook.com.pdf",02/09/2025,"250902 - Re_ 1803_243 Franklin Street, Melbourne VIC 3000 - Notice of Entry",SYBPR01MB5952D333273ECD4D79C06FE3D106A@SYBPR01MB5952.ausprd01.prod.outlook.com,SYBPR01MB5952.ausprd01.prod.outlook.com,SYBPR01MB5952D333273ECD4D79C06FE3D106A@SYBPR01MB5952.ausprd01.prod.outlook.com,270.46,31/10/2025 02:16
178,250904 - 1803_243 Franklin Street - Access & Co-Operation Required - lWEet43ETQCe5Cyy9e42HQ@geopod-ismtpd-9.pdf,04/09/2025,250904 - 1803_243 Franklin Street - Access & Co-Operation Required,lWEet43ETQCe5Cyy9e42HQ@geopod-ismtpd-9,geopod-ismtpd-9,lWEet43ETQCe5Cyy9e42HQ@geopod-ismtpd-9,99.30,31/10/2025 02:16
179,250904 - Re_ 1803_243 Franklin Street - Access & Co-Operation Required - CAAV=8vs1YSGO-YrKqt=a2hdkWaLwfBQWZHM49R3tp_U-56s0Hg@mail.gmail.com.pdf,04/09/2025,250904 - Re_ 1803_243 Franklin Street - Access & Co-Operation Required,CAAV=8vs1YSGO-YrKqt=a2hdkWaLwfBQWZHM49R3tp_U-56s0Hg@mail.gmail.com,mail.gmail.com,CAAV=8vs1YSGO-YrKqt=a2hdkWaLwfBQWZHM49R3tp_U-56s0Hg@mail.gmail.com,76.36,31/10/2025 02:16
180,250904 - Re_ 1803_243 Franklin Street - Access & Co-Operation Required - CAAV=8vt85yYVUnXZRwvqOE68ux9OrHWtbJ6TqeLaCsYoA4Jocg@mail.gmail.com.pdf,04/09/2025,250904 - Re_ 1803_243 Franklin Street - Access & Co-Operation Required,CAAV=8vt85yYVUnXZRwvqOE68ux9OrHWtbJ6TqeLaCsYoA4Jocg@mail.gmail.com,mail.gmail.com,CAAV=8vt85yYVUnXZRwvqOE68ux9OrHWtbJ6TqeLaCsYoA4Jocg@mail.gmail.com,77.51,31/10/2025 02:16
181,250904 - You have reached us outside of business hours - TXglj8CYQQCgaF_kQv53gg@geopod-ismtpd-6.pdf,04/09/2025,250904 - You have reached us outside of business hours,TXglj8CYQQCgaF_kQv53gg@geopod-ismtpd-6,geopod-ismtpd-6,TXglj8CYQQCgaF_kQv53gg@geopod-ismtpd-6,73.89,31/10/2025 02:16
182,250905 - Re_ 1803_243 Franklin Street - Access & Co-Operation Required - 8NzWzf5DQaiYqDKczI8-vw@geopod-ismtpd-7.pdf,05/09/2025,250905 - Re_ 1803_243 Franklin Street - Access & Co-Operation Required,8NzWzf5DQaiYqDKczI8-vw@geopod-ismtpd-7,geopod-ismtpd-7,8NzWzf5DQaiYqDKczI8-vw@geopod-ismtpd-7,319.93,31/10/2025 02:16
183,250905 - Re_ 1803_243 Franklin Street - Access & Co-Operation Required - CAAV=8vta56PNXu57Nc-_FOZVwX2F-Xcj7rD2FC-D+kVOaHuYDQ@mail.gmail.com.pdf,05/09/2025,250905 - Re_ 1803_243 Franklin Street - Access & Co-Operation Required,CAAV=8vta56PNXu57Nc-_FOZVwX2F-Xcj7rD2FC-D+kVOaHuYDQ@mail.gmail.com,mail.gmail.com,CAAV=8vta56PNXu57Nc-_FOZVwX2F-Xcj7rD2FC-D+kVOaHuYDQ@mail.gmail.com,112.47,31/10/2025 02:16
184,250905 - Re_ 1803_243 Franklin Street - Access & Co-Operation Required - GwvrtfU6QqaZU9vtkRhO8g@geopod-ismtpd-0.pdf,05/09/2025,250905 - Re_ 1803_243 Franklin Street - Access & Co-Operation Required,GwvrtfU6QqaZU9vtkRhO8g@geopod-ismtpd-0,geopod-ismtpd-0,GwvrtfU6QqaZU9vtkRhO8g@geopod-ismtpd-0,135.47,31/10/2025 02:16
185,250905 - You have reached us outside of business hours - HVqvNBvTQ5uhLOmUnY2RBQ@geopod-ismtpd-0.pdf,05/09/2025,250905 - You have reached us outside of business hours,HVqvNBvTQ5uhLOmUnY2RBQ@geopod-ismtpd-0,geopod-ismtpd-0,HVqvNBvTQ5uhLOmUnY2RBQ@geopod-ismtpd-0,73.95,31/10/2025 02:16
186,250909 - Re_ 1803_243 Franklin Street - Access & Co-Operation Required - BeZIoA-WRBe2bEA-dE9P_A@geopod-ismtpd-3.pdf,09/09/2025,250909 - Re_ 1803_243 Franklin Street - Access & Co-Operation Required,BeZIoA-WRBe2bEA-dE9P_A@geopod-ismtpd-3,geopod-ismtpd-3,BeZIoA-WRBe2bEA-dE9P_A@geopod-ismtpd-3,253.56,31/10/2025 02:16
187,250909-Notice to Entry (17 - 22 Sep).pdf,09/09/2025,Notice to Entry (17,22 Sep),N/A,N/A,43.67,09/09/2025 10:57
188,250909-Registered post receipt.pdf,09/09/2025,Registered post receipt,N/A,N/A,N/A,45.27,09/09/2025 10:57
189,250915-Chawakorn KAMNUANSIL (2508 NEW ADIT) Warning Letter for Unsatisfactory Attendance - Weekly-13495-20250915-174434.pdf,15/09/2025,Chawakorn KAMNUANSIL (2508 NEW ADIT) Warning Letter for Unsatisfactory Attendance,Weekly-13495-20250915-174434,N/A,N/A,93.22,14/10/2025 07:27
190,250916 - Re_ 1803_243 Franklin Street - Access & Co-Operation Required - CAAV=8vtDtqu-AWt=1+rRpy5d9nwp=X2jr=BOq7+co--ou_EpJQ@mail.gmail.com.pdf,16/09/2025,250916 - Re_ 1803_243 Franklin Street - Access & Co-Operation Required,CAAV=8vtDtqu-AWt=1+rRpy5d9nwp=X2jr=BOq7+co--ou_EpJQ@mail.gmail.com,mail.gmail.com,CAAV=8vtDtqu-AWt=1+rRpy5d9nwp=X2jr=BOq7+co--ou_EpJQ@mail.gmail.com,58.95,31/10/2025 02:16
191,250916 - You have reached us outside of business hours - P1KBp5NfQhuBU1qho8wzuw@geopod-ismtpd-1.pdf,16/09/2025,250916 - You have reached us outside of business hours,P1KBp5NfQhuBU1qho8wzuw@geopod-ismtpd-1,geopod-ismtpd-1,P1KBp5NfQhuBU1qho8wzuw@geopod-ismtpd-1,73.24,31/10/2025 02:16
192,250917-liam-voicemail.pdf,17/09/2025,liam-voicemail,N/A,N/A,N/A,151.15,14/10/2025 07:27
193,250917-sms-to-liam-re-property-access.pdf,17/09/2025,sms-to-liam-re-property-access,N/A,N/A,N/A,150.17,14/10/2025 07:27
194,"250930 - Receipt of payment for 1803_243 Franklin Street, Melbourne VIC 3000 - zs6ltfuRRbS9TA-q_-LKCA@geopod-ismtpd-7.pdf",30/09/2025,"250930 - Receipt of payment for 1803_243 Franklin Street, Melbourne VIC 3000",zs6ltfuRRbS9TA-q_-LKCA@geopod-ismtpd-7,geopod-ismtpd-7,zs6ltfuRRbS9TA-q_-LKCA@geopod-ismtpd-7,77.10,31/10/2025 02:16
195,250930-Receipt # 94202.pdf,30/09/2025,Receipt # 94202,N/A,N/A,N/A,77.75,30/09/2025 16:32
196,251002 - Areal monthly after-hours trades list update - NdGVaaQRTpyJ7ifzkQj2pA@geopod-ismtpd-8.pdf,02/10/2025,251002 - Areal monthly after-hours trades list update,NdGVaaQRTpyJ7ifzkQj2pA@geopod-ismtpd-8,geopod-ismtpd-8,NdGVaaQRTpyJ7ifzkQj2pA@geopod-ismtpd-8,78.51,31/10/2025 02:17
197,251014-school-reassessment-request.pdf,14/10/2025,school-reassessment-request,N/A,N/A,N/A,86.97,14/10/2025 07:27
198,"251020 - Courtesy Reminder_ Upcoming Rent Payment for 1803_243 Franklin Street, Melbourne VIC 3000 - S9zQDnzXQdaYuqXtfFPJuw@geopod-ismtpd-2.pdf",20/10/2025,"251020 - Courtesy Reminder_ Upcoming Rent Payment for 1803_243 Franklin Street, Melbourne VIC 3000",S9zQDnzXQdaYuqXtfFPJuw@geopod-ismtpd-2,geopod-ismtpd-2,S9zQDnzXQdaYuqXtfFPJuw@geopod-ismtpd-2,79.20,31/10/2025 02:17
199,251020-Rent Invoice #009872.pdf,20/10/2025,Rent Invoice #009872,N/A,N/A,N/A,77.75,20/10/2025 18:39
200,"251028 - Receipt of payment for 1803_243 Franklin Street, Melbourne VIC 3000 - FVsaqS0cShiZcJE6Om5syQ@geopod-ismtpd-10.pdf",28/10/2025,"251028 - Receipt of payment for 1803_243 Franklin Street, Melbourne VIC 3000",FVsaqS0cShiZcJE6Om5syQ@geopod-ismtpd-10,geopod-ismtpd-10,FVsaqS0cShiZcJE6Om5syQ@geopod-ismtpd-10,77.62,31/10/2025 02:17
201,251028-Receipt # 95582.pdf,28/10/2025,Receipt # 95582,N/A,N/A,N/A,77.75,28/10/2025 15:20
