EVID ID,Filename,Date,Category,Subject,Message ID,Email,SHA256,File Size (KB),Modified
EVID-001,241016-residential-rental-agreement-1803-243-franklin-st.pdf,16/10/2024,Tenancy,residential-rental-agreement-1803-243-franklin-st,N/A,,a1d5a0a2b515341f...,606.7,14/10/2025
EVID-002,250207 - Welcome to Areal Property  Your New Property Management Team - bNDbxXBbQNSd_b8rglR2pg@geopod-ismtpd-9.pdf,07/02/2025,Property Mgmt,250207 - Welcome to Areal Property  Your New Property Management Team,bNDbxXBbQNSd_b8rglR2pg@geopod-ismtpd-9,bNDbxXBbQNSd_b8rglR2pg@geopod-ismtpd-9,99e445422a9b72c2...,89.8,31/10/2025
EVID-003,250207-Emergency Maintenance Trades Contact List Hawthorn.pdf,07/02/2025,Maintenance,Emergency Maintenance Trades Contact List Hawthorn,N/A,,073a31afc5aa1d7e...,184.1,07/02/2025
EVID-004,"250225 - Receipt of payment for 1803_243 Franklin St, Melbourne VIC 3000 - VvSmC2yFSZCtbt6d7NnvMw@geopod-ismtpd-7.pdf",25/02/2025,Receipt,"250225 - Receipt of payment for 1803_243 Franklin St, Melbourne VIC 3000",VvSmC2yFSZCtbt6d7NnvMw@geopod-ismtpd-7,VvSmC2yFSZCtbt6d7NnvMw@geopod-ismtpd-7,1ecdab33c7e3e156...,77.3,31/10/2025
EVID-005,250225-Receipt # 85835.pdf,25/02/2025,Receipt,Receipt # 85835,N/A,,5504c44086c6b68f...,84.1,25/02/2025
EVID-006,250325 - Areal monthly after-hours trades list update - TdVM09MYTMK3NYfff3Ex7g@geopod-ismtpd-9.pdf,25/03/2025,Property Mgmt,250325 - Areal monthly after-hours trades list update,TdVM09MYTMK3NYfff3Ex7g@geopod-ismtpd-9,TdVM09MYTMK3NYfff3Ex7g@geopod-ismtpd-9,008dacf5bc15e364...,78.4,31/10/2025
EVID-007,"250325 - Receipt of payment for 1803_243 Franklin St, Melbourne VIC 3000 - rAeUl6dhT1Kyd4D9Bf1uPA@geopod-ismtpd-canary-0.pdf",25/03/2025,Receipt,"250325 - Receipt of payment for 1803_243 Franklin St, Melbourne VIC 3000",rAeUl6dhT1Kyd4D9Bf1uPA@geopod-ismtpd-canary-0,rAeUl6dhT1Kyd4D9Bf1uPA@geopod-ismtpd-canary-0,e4bc2050bf91127e...,77.8,31/10/2025
EVID-008,250325-Receipt # 87045.pdf,25/03/2025,Receipt,Receipt # 87045,N/A,,86959ed5985089c6...,87.6,25/03/2025
EVID-009,250401 - Areal monthly after-hours trades list update - LLE5QLN0R5uOai57XEw_3g@geopod-ismtpd-0.pdf,01/04/2025,Property Mgmt,250401 - Areal monthly after-hours trades list update,LLE5QLN0R5uOai57XEw_3g@geopod-ismtpd-0,LLE5QLN0R5uOai57XEw_3g@geopod-ismtpd-0,7f9e62404d49f3de...,78.6,31/10/2025
EVID-010,250402 - Non-Urgent Maintenance Request (1803_243 Franklin st)  Broken Bed Frame with Exposed Nails - CAAV=8vuQy1pSm2ScC1ogch9EGCP0j-SKGhMosoqcUDhZHGiVaA@mail.gmail.com.pdf,02/04/2025,Maintenance,250402 - Non-Urgent Maintenance Request (1803_243 Franklin st)  Broken Bed Frame with Exposed Nails,CAAV=8vuQy1pSm2ScC1ogch9EGCP0j-SKGhMosoqcUDhZHGiVaA@mail.gmail.com,CAAV=8vuQy1pSm2ScC1ogch9EGCP0j-SKGhMosoqcUDhZHGiVaA@mail.gmail.com,c28d7380c24042e0...,116186.7,31/10/2025
EVID-011,250408 - Fwd_ Non-Urgent Maintenance Request (1803_243 Franklin st)  Broken Bed Frame with Exposed Nails - CAAV=8vsVTzDNHuSWuYORhKTzLEO4wb3vL8nQACRTOJfb-eCe0g@mail.gmail.com.pdf,08/04/2025,Maintenance,250408 - Fwd_ Non-Urgent Maintenance Request (1803_243 Franklin st)  Broken Bed Frame with Exposed N,CAAV=8vsVTzDNHuSWuYORhKTzLEO4wb3vL8nQACRTOJfb-eCe0g@mail.gmail.com,CAAV=8vsVTzDNHuSWuYORhKTzLEO4wb3vL8nQACRTOJfb-eCe0g@mail.gmail.com,bdbddc57156987f7...,116192.7,31/10/2025
EVID-012,250409 - Re_ Non-Urgent Maintenance Request (1803_243 Franklin st)  Broken Bed Frame with Exposed Nails - ME3PR01MB824149B5C4234EB5E6A31C66DAB42@ME3PR01MB8241.ausprd01.prod.outlook.com.pdf,09/04/2025,Maintenance,250409 - Re_ Non-Urgent Maintenance Request (1803_243 Franklin st)  Broken Bed Frame with Exposed Na,ME3PR01MB824149B5C4234EB5E6A31C66DAB42@ME3PR01MB8241.ausprd01.prod.outlook.com,ME3PR01MB824149B5C4234EB5E6A31C66DAB42@ME3PR01MB8241.ausprd01.prod.outlook.com,91eb5a6ca6a462e7...,218.8,31/10/2025
EVID-013,250416 - Re_ Urgent_ Water Damage on Bedroom Wall (Unit 1803) - CAAV=8vswkBjs+XG=uSswFDXRj_rQpDgF+FzAATG2ttMBP2V3NQ@mail.gmail.com.pdf,16/04/2025,Maintenance,250416 - Re_ Urgent_ Water Damage on Bedroom Wall (Unit 1803),CAAV=8vswkBjs+XG=uSswFDXRj_rQpDgF+FzAATG2ttMBP2V3NQ@mail.gmail.com,CAAV=8vswkBjs+XG=uSswFDXRj_rQpDgF+FzAATG2ttMBP2V3NQ@mail.gmail.com,f6de057204b23f10...,212.0,31/10/2025
EVID-014,250416 - Re_ Urgent_ Water Damage on Bedroom Wall (Unit 1803) - ME3PR01MB8241FBF8DF5E327065E1A1ABDABD2@ME3PR01MB8241.ausprd01.prod.outlook.com.pdf,16/04/2025,Maintenance,250416 - Re_ Urgent_ Water Damage on Bedroom Wall (Unit 1803),ME3PR01MB8241FBF8DF5E327065E1A1ABDABD2@ME3PR01MB8241.ausprd01.prod.outlook.com,ME3PR01MB8241FBF8DF5E327065E1A1ABDABD2@ME3PR01MB8241.ausprd01.prod.outlook.com,0e92cdb572c280af...,206.6,31/10/2025
EVID-015,250416 - Urgent_ Water Damage on Bedroom Wall (Unit 1803) - CAAV=8vvZigwdNUxLOVCfHK69GhXfRTY1xxWoc3Xjv2d-Cm=h=g@mail.gmail.com.pdf,16/04/2025,Maintenance,250416 - Urgent_ Water Damage on Bedroom Wall (Unit 1803),CAAV=8vvZigwdNUxLOVCfHK69GhXfRTY1xxWoc3Xjv2d-Cm=h=g@mail.gmail.com,CAAV=8vvZigwdNUxLOVCfHK69GhXfRTY1xxWoc3Xjv2d-Cm=h=g@mail.gmail.com,73c9bdaeeb8b9956...,50809.5,31/10/2025
EVID-016,250420 - Automatic reply_ Urgent_ Water Damage on Bedroom Wall (Unit 1803) - c11f80d2d9e4469b8528334d20b3c4ce@ME3PR01MB8241.ausprd01.prod.outlook.com.pdf,20/04/2025,Maintenance,250420 - Automatic reply_ Urgent_ Water Damage on Bedroom Wall (Unit 1803),c11f80d2d9e4469b8528334d20b3c4ce@ME3PR01MB8241.ausprd01.prod.outlook.com,c11f80d2d9e4469b8528334d20b3c4ce@ME3PR01MB8241.ausprd01.prod.outlook.com,e6f696829ac6368d...,44.4,31/10/2025
EVID-017,250420 - Re_ Urgent_ Water Damage on Bedroom Wall (Unit 1803) - CAAV=8vvKRyv_a7aNhbgBu8oykp97_GS0DhmApYWHbfEzLjMtPA@mail.gmail.com.pdf,20/04/2025,Maintenance,250420 - Re_ Urgent_ Water Damage on Bedroom Wall (Unit 1803),CAAV=8vvKRyv_a7aNhbgBu8oykp97_GS0DhmApYWHbfEzLjMtPA@mail.gmail.com,CAAV=8vvKRyv_a7aNhbgBu8oykp97_GS0DhmApYWHbfEzLjMtPA@mail.gmail.com,dab18a6117de0538...,29762.6,31/10/2025
EVID-018,"250423 - Receipt of payment for 1803_243 Franklin St, Melbourne VIC 3000 - xPWIuD6PSe6QEk9BCXegkw@geopod-ismtpd-11.pdf",23/04/2025,Receipt,"250423 - Receipt of payment for 1803_243 Franklin St, Melbourne VIC 3000",xPWIuD6PSe6QEk9BCXegkw@geopod-ismtpd-11,xPWIuD6PSe6QEk9BCXegkw@geopod-ismtpd-11,834029a829724092...,78.0,31/10/2025
EVID-019,250423 - Second Follow-up_ Urgent Water Damage Escalation  Immediate Action Required (Unit 1803)   - CAAV=8vuh92vNwVdB0eqSAjKbk7cZHscd1fbYYjQwX4j6-2ehWg@mail.gmail.com.pdf,23/04/2025,Maintenance,250423 - Second Follow-up_ Urgent Water Damage Escalation  Immediate Action Required (Unit 1803)  ,CAAV=8vuh92vNwVdB0eqSAjKbk7cZHscd1fbYYjQwX4j6-2ehWg@mail.gmail.com,CAAV=8vuh92vNwVdB0eqSAjKbk7cZHscd1fbYYjQwX4j6-2ehWg@mail.gmail.com,9e6a85fec1c61c45...,32435.7,31/10/2025
EVID-020,250423-Receipt # 88184.pdf,23/04/2025,Receipt,Receipt # 88184,N/A,,f46bc25014d35b50...,87.5,23/04/2025
EVID-021,250424 - Re_ FW_ Second Follow-up_ Urgent Water Damage Escalation  Immediate Action Required (Unit 1803) - XCpNOfqoQRSJkOVp4j_b-Q@geopod-ismtpd-6.pdf,24/04/2025,Maintenance,250424 - Re_ FW_ Second Follow-up_ Urgent Water Damage Escalation  Immediate Action Required (Unit 1,XCpNOfqoQRSJkOVp4j_b-Q@geopod-ismtpd-6,XCpNOfqoQRSJkOVp4j_b-Q@geopod-ismtpd-6,b8c40f3cfab935e1...,114.2,31/10/2025
EVID-022,"250424 - Routine inspection scheduled for 1803_243 Franklin St, Melbourne VIC 3000 - 6qnX7yw8R8eWzLZ6mPtgSQ@geopod-ismtpd-16.pdf",24/04/2025,VCAT Hearing,"250424 - Routine inspection scheduled for 1803_243 Franklin St, Melbourne VIC 3000",6qnX7yw8R8eWzLZ6mPtgSQ@geopod-ismtpd-16,6qnX7yw8R8eWzLZ6mPtgSQ@geopod-ismtpd-16,cd84a73732b24e15...,71.5,31/10/2025
EVID-023,250428 - Update on Leak Inspection-1803_243 Franklin - 4QLBUF9uSEmROIykJr1CWA@geopod-ismtpd-canary-0.pdf,28/04/2025,Maintenance,250428 - Update on Leak Inspection-1803_243 Franklin,4QLBUF9uSEmROIykJr1CWA@geopod-ismtpd-canary-0,4QLBUF9uSEmROIykJr1CWA@geopod-ismtpd-canary-0,6efe9043f722bc0d...,2468.2,31/10/2025
EVID-024,250428 - Update on Leak Issue at 1803_ 243 Franklin - 8uZNaRe5QeC5Hhm1EbTIqA@geopod-ismtpd-16.pdf,28/04/2025,Maintenance,250428 - Update on Leak Issue at 1803_ 243 Franklin,8uZNaRe5QeC5Hhm1EbTIqA@geopod-ismtpd-16,8uZNaRe5QeC5Hhm1EbTIqA@geopod-ismtpd-16,09a19707f6bdb258...,95.8,31/10/2025
EVID-025,"250430 - Routine inspection for 1803_243 Franklin St, Melbourne VIC 3000 - Reminder - 7ImO9OCRSiqbDHredWlFzQ@geopod-ismtpd-11.pdf",30/04/2025,Document,"250430 - Routine inspection for 1803_243 Franklin St, Melbourne VIC 3000 - Reminder",7ImO9OCRSiqbDHredWlFzQ@geopod-ismtpd-11,7ImO9OCRSiqbDHredWlFzQ@geopod-ismtpd-11,d092c29766375e97...,72.2,31/10/2025
EVID-026,250501 - Areal monthly after-hours trades list update - gOO3iPI3QmOZtF6kWxNBEA@geopod-ismtpd-3.pdf,01/05/2025,Property Mgmt,250501 - Areal monthly after-hours trades list update,gOO3iPI3QmOZtF6kWxNBEA@geopod-ismtpd-3,gOO3iPI3QmOZtF6kWxNBEA@geopod-ismtpd-3,dceadb43d802db4f...,77.6,31/10/2025
EVID-027,250502 - Leaking Repaired Confirmation  - 1803_243 Franklin St - zxGwId9eSLCgK3Xac8v7YA@geopod-ismtpd-11.pdf,02/05/2025,Maintenance,250502 - Leaking Repaired Confirmation  - 1803_243 Franklin St,zxGwId9eSLCgK3Xac8v7YA@geopod-ismtpd-11,zxGwId9eSLCgK3Xac8v7YA@geopod-ismtpd-11,4cb0b507d8683f29...,98.3,31/10/2025
EVID-028,250509 - Follow-up on Wall and Carpet Damage  1803_243 Franklin St - CAAV=8vvj9VaF+zYoA9jcvsJX9LMr+w5pTZ9-yZ85H3AXUUkT2A@mail.gmail.com.pdf,09/05/2025,Maintenance,250509 - Follow-up on Wall and Carpet Damage  1803_243 Franklin St,CAAV=8vvj9VaF+zYoA9jcvsJX9LMr+w5pTZ9-yZ85H3AXUUkT2A@mail.gmail.com,CAAV=8vvj9VaF+zYoA9jcvsJX9LMr+w5pTZ9-yZ85H3AXUUkT2A@mail.gmail.com,e06bc5cc092fd32a...,40.6,31/10/2025
EVID-029,250509 - Re_ Follow-up on Wall and Carpet Damage  1803_243 Franklin St - ME2PR01MB547482C01171513F28E41756A48AA@ME2PR01MB5474.ausprd01.prod.outlook.com.pdf,09/05/2025,Maintenance,250509 - Re_ Follow-up on Wall and Carpet Damage  1803_243 Franklin St,ME2PR01MB547482C01171513F28E41756A48AA@ME2PR01MB5474.ausprd01.prod.outlook.com,ME2PR01MB547482C01171513F28E41756A48AA@ME2PR01MB5474.ausprd01.prod.outlook.com,923e7204c4d36b2e...,257.5,31/10/2025
EVID-030,250510 - Re_ Follow-up on Wall and Carpet Damage  1803_243 Franklin St - CAAV=8vuhGmwAEejKPfd4XsXPsjgNtpUjCYgSpZeXBA6RLK9z5g@mail.gmail.com.pdf,10/05/2025,Maintenance,250510 - Re_ Follow-up on Wall and Carpet Damage  1803_243 Franklin St,CAAV=8vuhGmwAEejKPfd4XsXPsjgNtpUjCYgSpZeXBA6RLK9z5g@mail.gmail.com,CAAV=8vuhGmwAEejKPfd4XsXPsjgNtpUjCYgSpZeXBA6RLK9z5g@mail.gmail.com,e39801dd716bdbe2...,12961.8,31/10/2025
EVID-031,250512 - Re_ FW_ Follow-up on Wall and Carpet Damage  1803_243 Franklin St - bR3e2vDHSdSyfb3oGAQMaQ@geopod-ismtpd-canary-0.pdf,12/05/2025,Maintenance,250512 - Re_ FW_ Follow-up on Wall and Carpet Damage  1803_243 Franklin St,bR3e2vDHSdSyfb3oGAQMaQ@geopod-ismtpd-canary-0,bR3e2vDHSdSyfb3oGAQMaQ@geopod-ismtpd-canary-0,6be8236e7109b279...,121.3,31/10/2025
EVID-032,"250513 - Re_ PS628109B - R&M - Water Leak Lot 1803A - 243, 253 & 263 Franklin Street - QlWNgtmlTLaSXxgA-zJ8Mg@geopod-ismtpd-10.pdf",13/05/2025,Maintenance,"250513 - Re_ PS628109B - R&M - Water Leak Lot 1803A - 243, 253 & 263 Franklin Street",QlWNgtmlTLaSXxgA-zJ8Mg@geopod-ismtpd-10,QlWNgtmlTLaSXxgA-zJ8Mg@geopod-ismtpd-10,8fba6d80a1028496...,347.7,31/10/2025
EVID-033,"250526 - Receipt of payment for 1803_243 Franklin Street, Melbourne VIC 3000 - RSXxSwpfRrepgkJGLXZagw@geopod-ismtpd-12.pdf",26/05/2025,Receipt,"250526 - Receipt of payment for 1803_243 Franklin Street, Melbourne VIC 3000",RSXxSwpfRrepgkJGLXZagw@geopod-ismtpd-12,RSXxSwpfRrepgkJGLXZagw@geopod-ismtpd-12,7f50864d5892f32e...,77.1,31/10/2025
EVID-034,250526-Receipt # 89393.pdf,26/05/2025,Receipt,Receipt # 89393,N/A,,a3bd4b3f10d2f2bd...,77.8,26/05/2025
EVID-035,250529 - Leak Rectification Works  Access Required - cii66zKWQlShflJnn2WQCA@geopod-ismtpd-canary-0.pdf,29/05/2025,Maintenance,250529 - Leak Rectification Works  Access Required,cii66zKWQlShflJnn2WQCA@geopod-ismtpd-canary-0,cii66zKWQlShflJnn2WQCA@geopod-ismtpd-canary-0,e8b3f9f1c29d4de4...,96.9,31/10/2025
EVID-036,250602 - Areal monthly after-hours trades list update - Y5ZjvYI9TIOAP4HbNkU8YQ@geopod-ismtpd-7.pdf,02/06/2025,Property Mgmt,250602 - Areal monthly after-hours trades list update,Y5ZjvYI9TIOAP4HbNkU8YQ@geopod-ismtpd-7,Y5ZjvYI9TIOAP4HbNkU8YQ@geopod-ismtpd-7,991bb17714cc1275...,77.8,31/10/2025
EVID-037,250602 - Re_ FW_ Follow-up on Wall and Carpet Damage  1803_243 Franklin St - HWWfmj4JQoebfjfpdeDpxw@geopod-ismtpd-11.pdf,02/06/2025,Maintenance,250602 - Re_ FW_ Follow-up on Wall and Carpet Damage  1803_243 Franklin St,HWWfmj4JQoebfjfpdeDpxw@geopod-ismtpd-11,HWWfmj4JQoebfjfpdeDpxw@geopod-ismtpd-11,b2e8e1e350fa7db1...,150.3,31/10/2025
EVID-038,250603 - Re_ FW_ Follow-up on Wall and Carpet Damage  1803_243 Franklin St - CAAV=8vsvdhU7-2mouSU8xkrhKE4t1EkWqJDWRburm0XgObEzZQ@mail.gmail.com.pdf,03/06/2025,Maintenance,250603 - Re_ FW_ Follow-up on Wall and Carpet Damage  1803_243 Franklin St,CAAV=8vsvdhU7-2mouSU8xkrhKE4t1EkWqJDWRburm0XgObEzZQ@mail.gmail.com,CAAV=8vsvdhU7-2mouSU8xkrhKE4t1EkWqJDWRburm0XgObEzZQ@mail.gmail.com,9dd2b628d1343e22...,103.6,31/10/2025
EVID-039,250603 - Re_ FW_ Follow-up on Wall and Carpet Damage  1803_243 Franklin St - WvBQeZuXT9CF88HVzHiiyQ@geopod-ismtpd-8.pdf,03/06/2025,Maintenance,250603 - Re_ FW_ Follow-up on Wall and Carpet Damage  1803_243 Franklin St,WvBQeZuXT9CF88HVzHiiyQ@geopod-ismtpd-8,WvBQeZuXT9CF88HVzHiiyQ@geopod-ismtpd-8,4bb5b559d5bb9cc2...,191.5,31/10/2025
EVID-040,250605 - Re_ FW_ Follow-up on Wall and Carpet Damage  1803_243 Franklin St - T57ito3kS9qfby4C8r2MEQ@geopod-ismtpd-12.pdf,05/06/2025,Maintenance,250605 - Re_ FW_ Follow-up on Wall and Carpet Damage  1803_243 Franklin St,T57ito3kS9qfby4C8r2MEQ@geopod-ismtpd-12,T57ito3kS9qfby4C8r2MEQ@geopod-ismtpd-12,6f6156a7aa04dd11...,197.3,31/10/2025
EVID-041,250606 - Follow-up  Formal Demand & Statement Regarding Unresolved Repairs (Unit 1803) - CAAV=8vs1uvzVDRjiQoeQsd9ambDRmKOEuOszLq1seEhjQ_zDXA@mail.gmail.com.pdf,06/06/2025,Maintenance,250606 - Follow-up  Formal Demand & Statement Regarding Unresolved Repairs (Unit 1803),CAAV=8vs1uvzVDRjiQoeQsd9ambDRmKOEuOszLq1seEhjQ_zDXA@mail.gmail.com,CAAV=8vs1uvzVDRjiQoeQsd9ambDRmKOEuOszLq1seEhjQ_zDXA@mail.gmail.com,b739e8289daec456...,59.9,31/10/2025
EVID-042,250606 - Re_ Follow-up  Formal Demand & Statement Regarding Unresolved Repairs (Unit 1803) - CAAV=8vvzDYSgJdB2nPq-SvmopCv0MwVVN4GAUD0F=Khiy6ZYeQ@mail.gmail.com.pdf,06/06/2025,Maintenance,250606 - Re_ Follow-up  Formal Demand & Statement Regarding Unresolved Repairs (Unit 1803),CAAV=8vvzDYSgJdB2nPq-SvmopCv0MwVVN4GAUD0F=Khiy6ZYeQ@mail.gmail.com,CAAV=8vvzDYSgJdB2nPq-SvmopCv0MwVVN4GAUD0F=Khiy6ZYeQ@mail.gmail.com,e2d928027d0eb35a...,94.5,31/10/2025
EVID-043,250606 - Re_ Follow-up  Formal Demand & Statement Regarding Unresolved Repairs (Unit 1803) - nO9U0Z6KR2O-1seYEUMENA@geopod-ismtpd-8.pdf,06/06/2025,Maintenance,250606 - Re_ Follow-up  Formal Demand & Statement Regarding Unresolved Repairs (Unit 1803),nO9U0Z6KR2O-1seYEUMENA@geopod-ismtpd-8,nO9U0Z6KR2O-1seYEUMENA@geopod-ismtpd-8,88599a3df24add82...,105.0,31/10/2025
EVID-044,250606 - You have reached us outside of business hours - CB26068lSz2iqF1G_8pNEA@geopod-ismtpd-16.pdf,06/06/2025,Document,250606 - You have reached us outside of business hours,CB26068lSz2iqF1G_8pNEA@geopod-ismtpd-16,CB26068lSz2iqF1G_8pNEA@geopod-ismtpd-16,77ff8f3895460dfd...,73.4,31/10/2025
EVID-045,250606-Chawakorn_Response_Repair_Access.pdf,06/06/2025,Maintenance,Chawakorn_Response_Repair_Access,N/A,,74d26d9f06c00c3d...,2.9,06/06/2025
EVID-046,250606-Formal_Demand_Letter_Chawakorn.pdf,06/06/2025,Legal Doc,Formal_Demand_Letter_Chawakorn,N/A,,64cc184a97182db1...,2.7,06/06/2025
EVID-047,250606-Tenant_Statement_Chawakorn.pdf,06/06/2025,Legal Doc,Tenant_Statement_Chawakorn,N/A,,96bdd9fb80cbfad9...,2.9,06/06/2025
EVID-048,250610 - Re_ Follow-up  Formal Demand & Statement Regarding Unresolved Repairs (Unit 1803) - qoR5eGyiRgmLqDJH4SxPfw@geopod-ismtpd-3.pdf,10/06/2025,Maintenance,250610 - Re_ Follow-up  Formal Demand & Statement Regarding Unresolved Repairs (Unit 1803),qoR5eGyiRgmLqDJH4SxPfw@geopod-ismtpd-3,qoR5eGyiRgmLqDJH4SxPfw@geopod-ismtpd-3,e6768fd2fd4e2947...,123.8,31/10/2025
EVID-049,250610 - Re_ Follow-up  Formal Demand & Statement Regarding Unresolved Repairs (Unit 1803) - uW4hCjWyR8qEuVSaYk02Ng@geopod-ismtpd-16.pdf,10/06/2025,Maintenance,250610 - Re_ Follow-up  Formal Demand & Statement Regarding Unresolved Repairs (Unit 1803),uW4hCjWyR8qEuVSaYk02Ng@geopod-ismtpd-16,uW4hCjWyR8qEuVSaYk02Ng@geopod-ismtpd-16,cdfa928650aaa93f...,154.7,31/10/2025
EVID-050,250611 - Re_ Rent Adjustment  Request for Clarification and Meeting (12 June) - CAAV=8vv02ZzW3znii1nTKELOCJt_cc6Fmg1kBcm-=akeuw2kxQ@mail.gmail.com.pdf,11/06/2025,Document,250611 - Re_ Rent Adjustment  Request for Clarification and Meeting (12 June),CAAV=8vv02ZzW3znii1nTKELOCJt_cc6Fmg1kBcm-=akeuw2kxQ@mail.gmail.com,CAAV=8vv02ZzW3znii1nTKELOCJt_cc6Fmg1kBcm-=akeuw2kxQ@mail.gmail.com,236203d9a0b6331e...,100.9,31/10/2025
EVID-051,250611 - You have reached us outside of business hours - Ytw1FnuySC6Brj1BssrqwA@geopod-ismtpd-1.pdf,11/06/2025,Document,250611 - You have reached us outside of business hours,Ytw1FnuySC6Brj1BssrqwA@geopod-ismtpd-1,Ytw1FnuySC6Brj1BssrqwA@geopod-ismtpd-1,53a4175722219683...,73.2,31/10/2025
EVID-052,250612 - Re_ Follow-up  Formal Demand & Statement Regarding Unresolved Repairs (Unit 1803) - 3UzWfr2AStOuwqWo8CxVzA@geopod-ismtpd-15.pdf,12/06/2025,Maintenance,250612 - Re_ Follow-up  Formal Demand & Statement Regarding Unresolved Repairs (Unit 1803),3UzWfr2AStOuwqWo8CxVzA@geopod-ismtpd-15,3UzWfr2AStOuwqWo8CxVzA@geopod-ismtpd-15,d77ad8a781d5bbfc...,145.2,31/10/2025
EVID-053,250613 - Re_ Follow-up  Formal Demand & Statement Regarding Unresolved Repairs (Unit 1803) - D022281F-98FC-4BB6-852F-B9F2938DFBE1@gmail.com.pdf,13/06/2025,Maintenance,250613 - Re_ Follow-up  Formal Demand & Statement Regarding Unresolved Repairs (Unit 1803),D022281F-98FC-4BB6-852F-B9F2938DFBE1@gmail.com,D022281F-98FC-4BB6-852F-B9F2938DFBE1@gmail.com,63a4b4108e27d7d8...,148.1,31/10/2025
EVID-054,250613 - Re_ Follow-up  Formal Demand & Statement Regarding Unresolved Repairs (Unit 1803) - oFFE57p1ROqUP0GEA-GTFA@geopod-ismtpd-canary-0.pdf,13/06/2025,Maintenance,250613 - Re_ Follow-up  Formal Demand & Statement Regarding Unresolved Repairs (Unit 1803),oFFE57p1ROqUP0GEA-GTFA@geopod-ismtpd-canary-0,oFFE57p1ROqUP0GEA-GTFA@geopod-ismtpd-canary-0,750f23447ed76594...,181.3,31/10/2025
EVID-055,250613 - You have reached us outside of business hours - aV8DXJjjRjqJw1uYtwYRbQ@geopod-ismtpd-10.pdf,13/06/2025,Document,250613 - You have reached us outside of business hours,aV8DXJjjRjqJw1uYtwYRbQ@geopod-ismtpd-10,aV8DXJjjRjqJw1uYtwYRbQ@geopod-ismtpd-10,685ea3b5975f72d5...,73.5,31/10/2025
EVID-056,250616 - Re_ Follow-up  Formal Demand & Statement Regarding Unresolved Repairs (Unit 1803) - CAAV=8vvDk0Nd0o1KxFuePuKE5GSfTVKPNQTgRxQFfM4jPYq0kA@mail.gmail.com.pdf,16/06/2025,Maintenance,250616 - Re_ Follow-up  Formal Demand & Statement Regarding Unresolved Repairs (Unit 1803),CAAV=8vvDk0Nd0o1KxFuePuKE5GSfTVKPNQTgRxQFfM4jPYq0kA@mail.gmail.com,CAAV=8vvDk0Nd0o1KxFuePuKE5GSfTVKPNQTgRxQFfM4jPYq0kA@mail.gmail.com,6955fbd3e736beba...,101.2,31/10/2025
EVID-057,250616 - Re_ Follow-up  Formal Demand & Statement Regarding Unresolved Repairs (Unit 1803) - XKkyKuy2R0mNufTA4QFQsg@geopod-ismtpd-8.pdf,16/06/2025,Maintenance,250616 - Re_ Follow-up  Formal Demand & Statement Regarding Unresolved Repairs (Unit 1803),XKkyKuy2R0mNufTA4QFQsg@geopod-ismtpd-8,XKkyKuy2R0mNufTA4QFQsg@geopod-ismtpd-8,f96b9b6d3e6ca9c6...,145.6,31/10/2025
EVID-058,250616 - You have reached us outside of business hours - T0iNuMs9THG2zC-v7v70Zg@geopod-ismtpd-10.pdf,16/06/2025,Document,250616 - You have reached us outside of business hours,T0iNuMs9THG2zC-v7v70Zg@geopod-ismtpd-10,T0iNuMs9THG2zC-v7v70Zg@geopod-ismtpd-10,2223e517ad4e470f...,73.3,31/10/2025
EVID-059,250618 - Remediation Works  Start Date Confirmed - jDdicc5QRQuFndK1xPjB6w@geopod-ismtpd-12.pdf,18/06/2025,Document,250618 - Remediation Works  Start Date Confirmed,jDdicc5QRQuFndK1xPjB6w@geopod-ismtpd-12,jDdicc5QRQuFndK1xPjB6w@geopod-ismtpd-12,e74c4a577cceac13...,96.6,31/10/2025
EVID-060,250623 - Re_ Follow-up  Formal Demand & Statement Regarding Unresolved Repairs (Unit 1803) - -Yy8h3xmSTCky_FFv3gCjQ@geopod-ismtpd-5.pdf,23/06/2025,Maintenance,250623 - Re_ Follow-up  Formal Demand & Statement Regarding Unresolved Repairs (Unit 1803),-Yy8h3xmSTCky_FFv3gCjQ@geopod-ismtpd-5,-Yy8h3xmSTCky_FFv3gCjQ@geopod-ismtpd-5,9e510d861a162c5c...,159.1,31/10/2025
EVID-061,250623 - Re_ Follow-up  Formal Demand & Statement Regarding Unresolved Repairs (Unit 1803) - CAAV=8vsQuD+Bhy97R6kAOhrkKWYgmGLFNzHR-GazuDz98Wm9-w@mail.gmail.com.pdf,23/06/2025,Maintenance,250623 - Re_ Follow-up  Formal Demand & Statement Regarding Unresolved Repairs (Unit 1803),CAAV=8vsQuD+Bhy97R6kAOhrkKWYgmGLFNzHR-GazuDz98Wm9-w@mail.gmail.com,CAAV=8vsQuD+Bhy97R6kAOhrkKWYgmGLFNzHR-GazuDz98Wm9-w@mail.gmail.com,913f16f6bc51dee5...,109.9,31/10/2025
EVID-062,250623 - Re_ Follow-up  Formal Demand & Statement Regarding Unresolved Repairs (Unit 1803) - OENqYgufTjCHaYY_uY7gdg@geopod-ismtpd-4.pdf,23/06/2025,Maintenance,250623 - Re_ Follow-up  Formal Demand & Statement Regarding Unresolved Repairs (Unit 1803),OENqYgufTjCHaYY_uY7gdg@geopod-ismtpd-4,OENqYgufTjCHaYY_uY7gdg@geopod-ismtpd-4,f43d02a224e173dc...,227.2,31/10/2025
EVID-063,250623-medical-documentation.pdf,23/06/2025,Medical,medical-documentation,N/A,,a1ac39ef6befb353...,649.1,14/10/2025
EVID-064,250623-medical-expenses.pdf,23/06/2025,Medical,medical-expenses,N/A,,2ba95576be98494c...,224.7,14/10/2025
EVID-065,"250624 - RDRV - Case RT252398 - 33 Camberwell Rd, Hawthorn East, VIC, 3123 - ME2PR01MB536147C880F7C60872EE3DF6A978A@ME2PR01MB5361.ausprd01.prod.outlook.com.pdf",24/06/2025,Court Order,"250624 - RDRV - Case RT252398 - 33 Camberwell Rd, Hawthorn East, VIC, 3123",ME2PR01MB536147C880F7C60872EE3DF6A978A@ME2PR01MB5361.ausprd01.prod.outlook.com,ME2PR01MB536147C880F7C60872EE3DF6A978A@ME2PR01MB5361.ausprd01.prod.outlook.com,9e941c3a12d1f024...,108.0,31/10/2025
EVID-066,250624 - Re_ Follow-up  Formal Demand & Statement Regarding Unresolved Repairs (Unit 1803) - 0XZYhteuQbOupCJ1ekXLtA@geopod-ismtpd-15.pdf,24/06/2025,Maintenance,250624 - Re_ Follow-up  Formal Demand & Statement Regarding Unresolved Repairs (Unit 1803),0XZYhteuQbOupCJ1ekXLtA@geopod-ismtpd-15,0XZYhteuQbOupCJ1ekXLtA@geopod-ismtpd-15,853a297d0a1d4937...,163.8,31/10/2025
EVID-067,250624 - Re_ Follow-up  Formal Demand & Statement Regarding Unresolved Repairs (Unit 1803) - CAAV=8vue+yeVtRzJz1DBxxe68AwzwMvfEkHuk+1bGe4kY3W-qQ@mail.gmail.com.pdf,24/06/2025,Maintenance,250624 - Re_ Follow-up  Formal Demand & Statement Regarding Unresolved Repairs (Unit 1803),CAAV=8vue+yeVtRzJz1DBxxe68AwzwMvfEkHuk+1bGe4kY3W-qQ@mail.gmail.com,CAAV=8vue+yeVtRzJz1DBxxe68AwzwMvfEkHuk+1bGe4kY3W-qQ@mail.gmail.com,5a13c3a4e1d05ed5...,171.6,31/10/2025
EVID-068,"250624 - Re_ RDRV - Case RT252398 - 33 Camberwell Rd, Hawthorn East, VIC, 3123 - CAAV=8vuu5LTNJy3nPhkZPkGCdHqdtDGGt7UyF0c8DLN5K1NPvw@mail.gmail.com.pdf",24/06/2025,Court Order,"250624 - Re_ RDRV - Case RT252398 - 33 Camberwell Rd, Hawthorn East, VIC, 3123",CAAV=8vuu5LTNJy3nPhkZPkGCdHqdtDGGt7UyF0c8DLN5K1NPvw@mail.gmail.com,CAAV=8vuu5LTNJy3nPhkZPkGCdHqdtDGGt7UyF0c8DLN5K1NPvw@mail.gmail.com,1a666b05b74d0ec1...,104.5,31/10/2025
EVID-069,"250624 - Receipt of payment for 1803_243 Franklin Street, Melbourne VIC 3000 - ZJAAxgQMTiCsbiKTAQu1VQ@geopod-ismtpd-12.pdf",24/06/2025,Receipt,"250624 - Receipt of payment for 1803_243 Franklin Street, Melbourne VIC 3000",ZJAAxgQMTiCsbiKTAQu1VQ@geopod-ismtpd-12,ZJAAxgQMTiCsbiKTAQu1VQ@geopod-ismtpd-12,8e9b9def37dd5c7b...,77.0,31/10/2025
EVID-070,250624 - Residential Tenancies Dispute Submission for RT252398  CMS_0014253156 - 22C8133778574981AFE79EFBB2AD07EA1DBE471C10EE@CASES.COURTS.VIC.GOV.AU.pdf,24/06/2025,Document,250624 - Residential Tenancies Dispute Submission for RT252398  CMS_0014253156,22C8133778574981AFE79EFBB2AD07EA1DBE471C10EE@CASES.COURTS.VIC.GOV.AU,22C8133778574981AFE79EFBB2AD07EA1DBE471C10EE@CASES.COURTS.VIC.GOV.AU,72cb3859c4cba2a9...,78.6,31/10/2025
EVID-071,250624 - VCAT RDRV account email verification code - 68599988.050a0220.1a2398.691cSMTPIN_ADDED_BROKEN@mx.google.com.pdf,24/06/2025,VCAT Communication,250624 - VCAT RDRV account email verification code,68599988.050a0220.1a2398.691cSMTPIN_ADDED_BROKEN@mx.google.com,68599988.050a0220.1a2398.691cSMTPIN_ADDED_BROKEN@mx.google.com,c80190b7d3b47a48...,46.4,31/10/2025
EVID-072,250624 - You have reached us outside of business hours - k5cNctQzRsqL10qPlUK1Cw@geopod-ismtpd-6.pdf,24/06/2025,Document,250624 - You have reached us outside of business hours,k5cNctQzRsqL10qPlUK1Cw@geopod-ismtpd-6,k5cNctQzRsqL10qPlUK1Cw@geopod-ismtpd-6,fd89e2a599c8f38a...,73.0,31/10/2025
EVID-073,250624-24-06-2025 - Applicant 1 - Application.pdf,24/06/2025,Application,24-06-2025 - Applicant 1,Application,,61b747cc431f92bf...,109.1,24/06/2025
EVID-074,250624-Receipt # 90497.pdf,24/06/2025,Receipt,Receipt # 90497,N/A,,1cb5fdd9d08f7b4d...,77.9,24/06/2025
EVID-075,"250625 - RDRV - Case RT252398 - 33 Camberwell Rd, Hawthorn East, VIC, 3123 - ME2PR01MB536189A34A8FE813E4ACB5ECA97BA@ME2PR01MB5361.ausprd01.prod.outlook.com.pdf",25/06/2025,Court Order,"250625 - RDRV - Case RT252398 - 33 Camberwell Rd, Hawthorn East, VIC, 3123",ME2PR01MB536189A34A8FE813E4ACB5ECA97BA@ME2PR01MB5361.ausprd01.prod.outlook.com,ME2PR01MB536189A34A8FE813E4ACB5ECA97BA@ME2PR01MB5361.ausprd01.prod.outlook.com,45acb46099d7f995...,107.5,31/10/2025
EVID-076,"250625 - Re_ RDRV - Case RT252398 - 33 Camberwell Rd, Hawthorn East, VIC, 3123 - SY0PR01MB893890379D42200140E924FFD07BA@SY0PR01MB8938.ausprd01.prod.outlook.com.pdf",25/06/2025,Court Order,"250625 - Re_ RDRV - Case RT252398 - 33 Camberwell Rd, Hawthorn East, VIC, 3123",SY0PR01MB893890379D42200140E924FFD07BA@SY0PR01MB8938.ausprd01.prod.outlook.com,SY0PR01MB893890379D42200140E924FFD07BA@SY0PR01MB8938.ausprd01.prod.outlook.com,72c9da789fba7ae8...,312.3,31/10/2025
EVID-077,"250625 - Re_ RDRV - Case RT252398 - 33 Camberwell Rd, Hawthorn East, VIC, 3123 - SY0PR01MB8938AC30F5A6B1DB2CB9C23CD07BA@SY0PR01MB8938.ausprd01.prod.outlook.com.pdf",25/06/2025,Court Order,"250625 - Re_ RDRV - Case RT252398 - 33 Camberwell Rd, Hawthorn East, VIC, 3123",SY0PR01MB8938AC30F5A6B1DB2CB9C23CD07BA@SY0PR01MB8938.ausprd01.prod.outlook.com,SY0PR01MB8938AC30F5A6B1DB2CB9C23CD07BA@SY0PR01MB8938.ausprd01.prod.outlook.com,586ccd22e59d75d4...,367.4,31/10/2025
EVID-078,"250626 - Re_ RDRV - Case RT252398 - 33 Camberwell Rd, Hawthorn East, VIC, 3123 - CAAV=8vvTqt9woJ+CiKB66HUYwMLnkKc67-=-UEtEpFWq_NTrGQ@mail.gmail.com.pdf",26/06/2025,Court Order,"250626 - Re_ RDRV - Case RT252398 - 33 Camberwell Rd, Hawthorn East, VIC, 3123",CAAV=8vvTqt9woJ+CiKB66HUYwMLnkKc67-=-UEtEpFWq_NTrGQ@mail.gmail.com,CAAV=8vvTqt9woJ+CiKB66HUYwMLnkKc67-=-UEtEpFWq_NTrGQ@mail.gmail.com,b588687eea8c82bb...,344.7,31/10/2025
EVID-079,"250626 - Re_ RDRV - Case RT252398 - 33 Camberwell Rd, Hawthorn East, VIC, 3123 - ME2PR01MB53610532DA8B85B21E797787A97AA@ME2PR01MB5361.ausprd01.prod.outlook.com.pdf",26/06/2025,Court Order,"250626 - Re_ RDRV - Case RT252398 - 33 Camberwell Rd, Hawthorn East, VIC, 3123",ME2PR01MB53610532DA8B85B21E797787A97AA@ME2PR01MB5361.ausprd01.prod.outlook.com,ME2PR01MB53610532DA8B85B21E797787A97AA@ME2PR01MB5361.ausprd01.prod.outlook.com,e67ff22196c767f4...,344.3,31/10/2025
EVID-080,"250626 - Re_ RDRV - Case RT252398 - 33 Camberwell Rd, Hawthorn East, VIC, 3123 - SY0PR01MB89380B2BE8131492AC463717D07AA@SY0PR01MB8938.ausprd01.prod.outlook.com.pdf",26/06/2025,Court Order,"250626 - Re_ RDRV - Case RT252398 - 33 Camberwell Rd, Hawthorn East, VIC, 3123",SY0PR01MB89380B2BE8131492AC463717D07AA@SY0PR01MB8938.ausprd01.prod.outlook.com,SY0PR01MB89380B2BE8131492AC463717D07AA@SY0PR01MB8938.ausprd01.prod.outlook.com,a99fcc1012447b7e...,360.7,31/10/2025
EVID-081,250627 - RDRV Order - RT252398 CMS_0014256123 - 9D3EF12496974851BF5FFFA72AE6F7C41DBE71CA7399@CASES.COURTS.VIC.GOV.AU.pdf,27/06/2025,Court Order,250627 - RDRV Order - RT252398 CMS_0014256123,9D3EF12496974851BF5FFFA72AE6F7C41DBE71CA7399@CASES.COURTS.VIC.GOV.AU,9D3EF12496974851BF5FFFA72AE6F7C41DBE71CA7399@CASES.COURTS.VIC.GOV.AU,5830b2316b1eb12e...,79.5,31/10/2025
EVID-082,"250627 - Re_ RDRV - Case RT252398 - 33 Camberwell Rd, Hawthorn East, VIC, 3123 - SY0PR01MB89382294434912159D0AA05AD045A@SY0PR01MB8938.ausprd01.prod.outlook.com.pdf",27/06/2025,Court Order,"250627 - Re_ RDRV - Case RT252398 - 33 Camberwell Rd, Hawthorn East, VIC, 3123",SY0PR01MB89382294434912159D0AA05AD045A@SY0PR01MB8938.ausprd01.prod.outlook.com,SY0PR01MB89382294434912159D0AA05AD045A@SY0PR01MB8938.ausprd01.prod.outlook.com,3e16b84336e4f321...,383.5,31/10/2025
EVID-083,"250627 - Re_ RDRV - Case RT252398 - 33 Camberwell Rd, Hawthorn East, VIC, 3123 - SY0PR01MB8938CA371A0AD3AD989A55DFD045A@SY0PR01MB8938.ausprd01.prod.outlook.com.pdf",27/06/2025,Court Order,"250627 - Re_ RDRV - Case RT252398 - 33 Camberwell Rd, Hawthorn East, VIC, 3123",SY0PR01MB8938CA371A0AD3AD989A55DFD045A@SY0PR01MB8938.ausprd01.prod.outlook.com,SY0PR01MB8938CA371A0AD3AD989A55DFD045A@SY0PR01MB8938.ausprd01.prod.outlook.com,19459c29351af69f...,392.9,31/10/2025
EVID-084,"250627 - Re_ RDRV - Case RT252398 - 33 Camberwell Rd, Hawthorn East, VIC, 3123 CMS_0056400069 - 6AB1256270E642C5A082F8D9FAC3A3531DBE71B64B97@CASES.COURTS.VIC.GOV.AU.pdf",27/06/2025,Court Order,"250627 - Re_ RDRV - Case RT252398 - 33 Camberwell Rd, Hawthorn East, VIC, 3123 CMS_0056400069",6AB1256270E642C5A082F8D9FAC3A3531DBE71B64B97@CASES.COURTS.VIC.GOV.AU,6AB1256270E642C5A082F8D9FAC3A3531DBE71B64B97@CASES.COURTS.VIC.GOV.AU,63310c895d009405...,382.6,31/10/2025
EVID-085,250627 - Update to RT252398 CMS_0014256122 - D8E3DC7A6635494789FE3C7E564BB8401DBE71CA6C3A@CASES.COURTS.VIC.GOV.AU.pdf,27/06/2025,Document,250627 - Update to RT252398 CMS_0014256122,D8E3DC7A6635494789FE3C7E564BB8401DBE71CA6C3A@CASES.COURTS.VIC.GOV.AU,D8E3DC7A6635494789FE3C7E564BB8401DBE71CA6C3A@CASES.COURTS.VIC.GOV.AU,74be93c4374172bc...,69.7,31/10/2025
EVID-086,250627 - VCAT RDRV account email verification code - 685e4c8d.050a0220.170fea.e557SMTPIN_ADDED_BROKEN@mx.google.com.pdf,27/06/2025,VCAT Communication,250627 - VCAT RDRV account email verification code,685e4c8d.050a0220.170fea.e557SMTPIN_ADDED_BROKEN@mx.google.com,685e4c8d.050a0220.170fea.e557SMTPIN_ADDED_BROKEN@mx.google.com,9a92638e24ff9ab4...,46.8,31/10/2025
EVID-087,250627-27-06-2025 - Strike out - Consent order - Order f058873a.pdf,27/06/2025,Court Order,27-06-2025 - Strike out - Consent order,Order f058873a,,008cda5eba210bcd...,129.5,27/06/2025
EVID-088,250627-AusPost lodgement.pdf,27/06/2025,Document,AusPost lodgement,N/A,,23ac79d9de61e393...,103.5,27/06/2025
EVID-089,250627-Notice of entry 7 July 2025.pdf,27/06/2025,Legal Notice,Notice of entry 7 July 2025,N/A,,4b7a6800930cfa9b...,9.4,27/06/2025
EVID-090,250627-Notice of entry 8 July 2025.pdf,27/06/2025,Legal Notice,Notice of entry 8 July 2025,N/A,,0347cbdd36dd87da...,9.4,27/06/2025
EVID-091,250627-Notice of entry 9 July 2025.pdf,27/06/2025,Legal Notice,Notice of entry 9 July 2025,N/A,,2a2d904dd0df1506...,9.4,27/06/2025
EVID-092,250627-Notice of entry lable.pdf,27/06/2025,Legal Notice,Notice of entry lable,N/A,,fac0a4f982f97167...,135.2,27/06/2025
EVID-093,250627-tax invoice.pdf,27/06/2025,Receipt,tax invoice,N/A,,ca4f46af363c81c8...,49.1,27/06/2025
EVID-094,250701 - Areal monthly after-hours trades list update - gSL8Bh6nTMulPWEuc15cZQ@geopod-ismtpd-4.pdf,01/07/2025,Property Mgmt,250701 - Areal monthly after-hours trades list update,gSL8Bh6nTMulPWEuc15cZQ@geopod-ismtpd-4,gSL8Bh6nTMulPWEuc15cZQ@geopod-ismtpd-4,429ea6e602b854a0...,78.4,31/10/2025
EVID-095,250701 - Areal monthly after-hours trades list update - xJ4RkcCoTSqqA5rfhGBuNQ@geopod-ismtpd-11.pdf,01/07/2025,Property Mgmt,250701 - Areal monthly after-hours trades list update,xJ4RkcCoTSqqA5rfhGBuNQ@geopod-ismtpd-11,xJ4RkcCoTSqqA5rfhGBuNQ@geopod-ismtpd-11,4eb3eb657b60ae34...,78.5,31/10/2025
EVID-096,"250701 - Re_ RDRV - Case RT252398 - 33 Camberwell Rd, Hawthorn East, VIC, 3123 - CAAV=8vtEscj+pX9-tdyyE81OLDsLOFKR=oZ3KZj8RX+G47sjSA@mail.gmail.com.pdf",01/07/2025,Court Order,"250701 - Re_ RDRV - Case RT252398 - 33 Camberwell Rd, Hawthorn East, VIC, 3123",CAAV=8vtEscj+pX9-tdyyE81OLDsLOFKR=oZ3KZj8RX+G47sjSA@mail.gmail.com,CAAV=8vtEscj+pX9-tdyyE81OLDsLOFKR=oZ3KZj8RX+G47sjSA@mail.gmail.com,a13d336cc1f5c73b...,409.8,31/10/2025
EVID-097,"250701 - Re_ RDRV - Case RT252398 - 33 Camberwell Rd, Hawthorn East, VIC, 3123 - SY0PR01MB8938454405B975890A3599F5D041A@SY0PR01MB8938.ausprd01.prod.outlook.com.pdf",01/07/2025,Court Order,"250701 - Re_ RDRV - Case RT252398 - 33 Camberwell Rd, Hawthorn East, VIC, 3123",SY0PR01MB8938454405B975890A3599F5D041A@SY0PR01MB8938.ausprd01.prod.outlook.com,SY0PR01MB8938454405B975890A3599F5D041A@SY0PR01MB8938.ausprd01.prod.outlook.com,0ddf78393772ec5f...,415.6,31/10/2025
EVID-098,"250701 - Re_ RDRV - Case RT252398 - 33 Camberwell Rd, Hawthorn East, VIC, 3123 - SY0PR01MB8938FA1673F305E1BE93D7D7D041A@SY0PR01MB8938.ausprd01.prod.outlook.com.pdf",01/07/2025,Court Order,"250701 - Re_ RDRV - Case RT252398 - 33 Camberwell Rd, Hawthorn East, VIC, 3123",SY0PR01MB8938FA1673F305E1BE93D7D7D041A@SY0PR01MB8938.ausprd01.prod.outlook.com,SY0PR01MB8938FA1673F305E1BE93D7D7D041A@SY0PR01MB8938.ausprd01.prod.outlook.com,664f6db76ea8fab7...,434.6,31/10/2025
EVID-099,250701-Exhibit_A_20250616_0437.pdf,01/07/2025,Exhibit,Exhibit_A_20250616_0437,N/A,,ca6cb58117b10df3...,77.3,01/07/2025
EVID-100,250701-Exhibit_B_20250616_1152.pdf,01/07/2025,Exhibit,Exhibit_B_20250616_1152,N/A,,a87d74323d588a2b...,91.5,01/07/2025
EVID-101,250701-Exhibit_C_20250623_1505.pdf,01/07/2025,Exhibit,Exhibit_C_20250623_1505,N/A,,8e668320009765e2...,109.6,01/07/2025
EVID-102,250701-Exhibit_D_20250627_1509.pdf,01/07/2025,Exhibit,Exhibit_D_20250627_1509,N/A,,e947b777d91f0aba...,441.8,01/07/2025
EVID-103,250701-NTE 10-07.pdf,01/07/2025,Document,NTE 10-07,N/A,,301a9230bfbbf738...,10.2,01/07/2025
EVID-104,250701-NTE 11-07.pdf,01/07/2025,Document,NTE 11-07,N/A,,b000b2200a805bdd...,10.2,01/07/2025
EVID-105,250701-NTE 14-07.pdf,01/07/2025,Document,NTE 14-07,N/A,,e31b41893b44480f...,10.2,01/07/2025
EVID-106,250701-NTE 15-07.pdf,01/07/2025,Document,NTE 15-07,N/A,,5f56aadc3c6ae720...,10.2,01/07/2025
EVID-107,250701-Reg Post Lodgement Slips.pdf,01/07/2025,Document,Reg Post Lodgement Slips,N/A,,0fa14b465c9c6197...,127.5,01/07/2025
EVID-108,250701-Reg Post Sender Slips.pdf,01/07/2025,Document,Reg Post Sender Slips,N/A,,cab6d437756b0afe...,169.7,01/07/2025
EVID-109,"250703 - Re_ RDRV - Case RT252398 - 33 Camberwell Rd, Hawthorn East, VIC, 3123 - CAAV=8vvKKQ_x4FZWt2UF+cNNw_i-XwMNOZ_UV8TbgiqmHKNLnQ@mail.gmail.com.pdf",03/07/2025,Court Order,"250703 - Re_ RDRV - Case RT252398 - 33 Camberwell Rd, Hawthorn East, VIC, 3123",CAAV=8vvKKQ_x4FZWt2UF+cNNw_i-XwMNOZ_UV8TbgiqmHKNLnQ@mail.gmail.com,CAAV=8vvKKQ_x4FZWt2UF+cNNw_i-XwMNOZ_UV8TbgiqmHKNLnQ@mail.gmail.com,cf893a1ad347b5db...,46.3,31/10/2025
EVID-110,250703 - You have reached us outside of business hours - RsSCmNZcR66ZUikR7ELrmg@geopod-ismtpd-3.pdf,03/07/2025,Document,250703 - You have reached us outside of business hours,RsSCmNZcR66ZUikR7ELrmg@geopod-ismtpd-3,RsSCmNZcR66ZUikR7ELrmg@geopod-ismtpd-3,3286b7a52242ce1b...,73.0,31/10/2025
EVID-111,"250704 - Re_ RDRV - Case RT252398 - 33 Camberwell Rd, Hawthorn East, VIC, 3123 - 5m7PnjqaSFSHO6OsrY20JQ@geopod-ismtpd-9.pdf",04/07/2025,Court Order,"250704 - Re_ RDRV - Case RT252398 - 33 Camberwell Rd, Hawthorn East, VIC, 3123",5m7PnjqaSFSHO6OsrY20JQ@geopod-ismtpd-9,5m7PnjqaSFSHO6OsrY20JQ@geopod-ismtpd-9,47598ff58c4b7ced...,102.1,31/10/2025
EVID-112,"250704 - Re_ RDRV - Case RT252398 - 33 Camberwell Rd, Hawthorn East, VIC, 3123 - CAAV=8vsuH4ugfx=+-gEFfAMNdnroimuOW7iPQ7anxzjP-1hO=Q@mail.gmail.com.pdf",04/07/2025,Court Order,"250704 - Re_ RDRV - Case RT252398 - 33 Camberwell Rd, Hawthorn East, VIC, 3123",CAAV=8vsuH4ugfx=+-gEFfAMNdnroimuOW7iPQ7anxzjP-1hO=Q@mail.gmail.com,CAAV=8vsuH4ugfx=+-gEFfAMNdnroimuOW7iPQ7anxzjP-1hO=Q@mail.gmail.com,47a12a89ddb3ee99...,95.5,31/10/2025
EVID-113,"250704 - Re_ RDRV - Case RT252398 - 33 Camberwell Rd, Hawthorn East, VIC, 3123 - CAAV=8vvt8hWm1o45QGHR7yPT6RUHap1hHodqNLhMiB+i1qH+kA@mail.gmail.com.pdf",04/07/2025,Court Order,"250704 - Re_ RDRV - Case RT252398 - 33 Camberwell Rd, Hawthorn East, VIC, 3123",CAAV=8vvt8hWm1o45QGHR7yPT6RUHap1hHodqNLhMiB+i1qH+kA@mail.gmail.com,CAAV=8vvt8hWm1o45QGHR7yPT6RUHap1hHodqNLhMiB+i1qH+kA@mail.gmail.com,fba15ef6e4b156c9...,101.3,31/10/2025
EVID-114,250704 - You have reached us outside of business hours - HB_2sHe0TJm17bsMBrHGWQ@geopod-ismtpd-17.pdf,04/07/2025,Document,250704 - You have reached us outside of business hours,HB_2sHe0TJm17bsMBrHGWQ@geopod-ismtpd-17,HB_2sHe0TJm17bsMBrHGWQ@geopod-ismtpd-17,fe159baafed14642...,73.6,31/10/2025
EVID-115,250704-Public Liability.pdf,04/07/2025,Document,Public Liability,N/A,,7804fd5d3eae11b3...,75.6,04/07/2025
EVID-116,"250707 - Re_ RDRV - Case RT252398 - 33 Camberwell Rd, Hawthorn East, VIC, 3123 - SY0PR01MB8938D6189AFC2FE2A3722E9AD04FA@SY0PR01MB8938.ausprd01.prod.outlook.com.pdf",07/07/2025,Court Order,"250707 - Re_ RDRV - Case RT252398 - 33 Camberwell Rd, Hawthorn East, VIC, 3123",SY0PR01MB8938D6189AFC2FE2A3722E9AD04FA@SY0PR01MB8938.ausprd01.prod.outlook.com,SY0PR01MB8938D6189AFC2FE2A3722E9AD04FA@SY0PR01MB8938.ausprd01.prod.outlook.com,86f55afa41862f25...,330.6,31/10/2025
EVID-117,"250709 - Re_ RDRV - Case RT252398 - 33 Camberwell Rd, Hawthorn East, VIC, 3123 - SY8PR01MB89487B70BA6658C1132F2DC8D049A@SY8PR01MB8948.ausprd01.prod.outlook.com.pdf",09/07/2025,Court Order,"250709 - Re_ RDRV - Case RT252398 - 33 Camberwell Rd, Hawthorn East, VIC, 3123",SY8PR01MB89487B70BA6658C1132F2DC8D049A@SY8PR01MB8948.ausprd01.prod.outlook.com,SY8PR01MB89487B70BA6658C1132F2DC8D049A@SY8PR01MB8948.ausprd01.prod.outlook.com,e21d190176180107...,339.1,31/10/2025
EVID-118,"250711 - Notice to vacate - 1803_243 Franklin Street, Melbourne VIC 3000 - LC0sl9DITRqJVpDrvRiu2Q@geopod-ismtpd-8.pdf",11/07/2025,Legal Notice,"250711 - Notice to vacate - 1803_243 Franklin Street, Melbourne VIC 3000",LC0sl9DITRqJVpDrvRiu2Q@geopod-ismtpd-8,LC0sl9DITRqJVpDrvRiu2Q@geopod-ismtpd-8,da39cca721b9470b...,81.6,31/10/2025
EVID-119,"250711 - Re_ RDRV - Case RT252398 - 33 Camberwell Rd, Hawthorn East, VIC, 3123 - CAAV=8vseTMoCJbtNE2V0o+Ke=zLWdevsrJriCiD=ZeCeozMsnA@mail.gmail.com.pdf",11/07/2025,Court Order,"250711 - Re_ RDRV - Case RT252398 - 33 Camberwell Rd, Hawthorn East, VIC, 3123",CAAV=8vseTMoCJbtNE2V0o+Ke=zLWdevsrJriCiD=ZeCeozMsnA@mail.gmail.com,CAAV=8vseTMoCJbtNE2V0o+Ke=zLWdevsrJriCiD=ZeCeozMsnA@mail.gmail.com,74c02641f53fbe3c...,637.5,31/10/2025
EVID-120,"250711 - Vacating instructions - 1803_243 Franklin Street, Melbourne VIC 3000 - YUZNhpYcT8uJiUuwW877SQ@geopod-ismtpd-4.pdf",11/07/2025,Vacate Notice,"250711 - Vacating instructions - 1803_243 Franklin Street, Melbourne VIC 3000",YUZNhpYcT8uJiUuwW877SQ@geopod-ismtpd-4,YUZNhpYcT8uJiUuwW877SQ@geopod-ismtpd-4,63991a7dd77d9861...,83.8,31/10/2025
EVID-121,250711-Message Thread Franklin Stpdf.pdf,11/07/2025,Document,Message Thread Franklin Stpdf,N/A,,0732ddd4107342d7...,101.8,11/07/2025
EVID-122,250711-Move out guide & tips to get your bond back.pdf,11/07/2025,Document,Move out guide & tips to get your bond back,N/A,,b3df98d7d19947af...,198.7,31/10/2025
EVID-123,250711-NOTICE TO VACATE U1803 243 FRANKLIN ST.pdf,11/07/2025,Legal Notice,NOTICE TO VACATE U1803 243 FRANKLIN ST,N/A,,63a29240530c82ad...,17.2,11/07/2025
EVID-124,250711-Vacate Cleaning Guide.pdf,11/07/2025,Vacate Notice,Vacate Cleaning Guide,N/A,,b23a13de0f5f1faf...,137.3,31/10/2025
EVID-125,250711-sylvia-to-podjana-move-out-guide.pdf,11/07/2025,Document,sylvia-to-podjana-move-out-guide,N/A,,d629ce9e6453cda4...,88.2,14/10/2025
EVID-126,250711-sylvia-to-podjana-notice-to-vacate.pdf,11/07/2025,Legal Notice,sylvia-to-podjana-notice-to-vacate,N/A,,0a18323fc2ab5e98...,44.2,14/10/2025
EVID-127,250711-sylvia-to-podjana-vacate-cleaning-guide.pdf,11/07/2025,Vacate Notice,sylvia-to-podjana-vacate-cleaning-guide,N/A,,169396dfaefcd444...,97.0,14/10/2025
EVID-128,250711-sylvia-to-podjana-vacating.pdf,11/07/2025,Vacate Notice,sylvia-to-podjana-vacating,N/A,,7a4cbf1244d513c1...,108.4,14/10/2025
EVID-129,250714 - VCAT Application R202518214_00  Challenge to Notice to Vacate - CAAV=8vtAn--H5Sf-Oz0_-VY=XyMrK-4ysX7wEa_4SvsU0F7VxA@mail.gmail.com.pdf,14/07/2025,VCAT Communication,250714 - VCAT Application R202518214_00  Challenge to Notice to Vacate,CAAV=8vtAn--H5Sf-Oz0_-VY=XyMrK-4ysX7wEa_4SvsU0F7VxA@mail.gmail.com,CAAV=8vtAn--H5Sf-Oz0_-VY=XyMrK-4ysX7wEa_4SvsU0F7VxA@mail.gmail.com,bd4f635c53f13fe7...,64.2,31/10/2025
EVID-130,250714 - VCAT RDRV account email verification code - 6873ef03.050a0220.869ff.fc65SMTPIN_ADDED_BROKEN@mx.google.com.pdf,14/07/2025,VCAT Communication,250714 - VCAT RDRV account email verification code,6873ef03.050a0220.869ff.fc65SMTPIN_ADDED_BROKEN@mx.google.com,6873ef03.050a0220.869ff.fc65SMTPIN_ADDED_BROKEN@mx.google.com,78f7958120169d7b...,46.2,31/10/2025
EVID-131,250714 - VCAT Residential Tenancies Hub - Please confirm your registration - 10561684.1141752435296565.JavaMail.SVC-VCAT-GuardianPrd@P03464.pdf,14/07/2025,VCAT Communication,250714 - VCAT Residential Tenancies Hub - Please confirm your registration,10561684.1141752435296565.JavaMail.SVC-VCAT-GuardianPrd@P03464,10561684.1141752435296565.JavaMail.SVC-VCAT-GuardianPrd@P03464,9393f7827e8df6b4...,55.1,31/10/2025
EVID-132,"250714 - VCAT has opened a case R202518214_00 about  243 Franklin St, Unit1803, MELBOURNE, VIC, 3000 - 2146321657.11649.1752478440219@P03465.dojvic.justice.vic.gov.au.pdf",14/07/2025,VCAT Communication,"250714 - VCAT has opened a case R202518214_00 about  243 Franklin St, Unit1803, MELBOURNE, VIC, 3000",2146321657.11649.1752478440219@P03465.dojvic.justice.vic.gov.au,2146321657.11649.1752478440219@P03465.dojvic.justice.vic.gov.au,c40e42e371e38cd8...,184.7,31/10/2025
EVID-133,250714 - You have reached us outside of business hours - eQKE-KQ_TvmrGJFqNerSVQ@geopod-ismtpd-15.pdf,14/07/2025,Document,250714 - You have reached us outside of business hours,eQKE-KQ_TvmrGJFqNerSVQ@geopod-ismtpd-15,eQKE-KQ_TvmrGJFqNerSVQ@geopod-ismtpd-15,beddc804501f3ffd...,72.9,31/10/2025
EVID-134,250714-VCAT Application R202518214-00 – Notice to Vacate Challenge.pdf,14/07/2025,VCAT Communication,VCAT Application R202518214-00 – Notice to Vacate Challenge,N/A,,8098239e4ab261b4...,66.9,14/07/2025
EVID-135,250714-vcat-application-fee.pdf,14/07/2025,VCAT Communication,vcat-application-fee,N/A,,ed7a9e9433e3be20...,134.7,14/10/2025
EVID-136,250715 - Automated response - VCAT Residential Tenancies - d8e33454ee1a42b28fe50b7978250c41@SYAPR01MB2544.ausprd01.prod.outlook.com.pdf,15/07/2025,VCAT Communication,250715 - Automated response - VCAT Residential Tenancies,d8e33454ee1a42b28fe50b7978250c41@SYAPR01MB2544.ausprd01.prod.outlook.com,d8e33454ee1a42b28fe50b7978250c41@SYAPR01MB2544.ausprd01.prod.outlook.com,9d0624ed8a42bad0...,84.7,31/10/2025
EVID-137,250715 - Automated response - VCAT Residential Tenancies - dd618c0bf0df4ab490c20715c4e35776@SYAPR01MB2544.ausprd01.prod.outlook.com.pdf,15/07/2025,VCAT Communication,250715 - Automated response - VCAT Residential Tenancies,dd618c0bf0df4ab490c20715c4e35776@SYAPR01MB2544.ausprd01.prod.outlook.com,dd618c0bf0df4ab490c20715c4e35776@SYAPR01MB2544.ausprd01.prod.outlook.com,cd40f5be63a20f9b...,85.1,31/10/2025
EVID-138,250715 - Fwd_ VCAT Application R202518214_00  Challenge to Notice to Vacate - CAAV=8vvztDLWS+Bg=Es0fJttbtsjFREbC4GQ=NJk7sYiPMRMtA@mail.gmail.com.pdf,15/07/2025,VCAT Communication,250715 - Fwd_ VCAT Application R202518214_00  Challenge to Notice to Vacate,CAAV=8vvztDLWS+Bg=Es0fJttbtsjFREbC4GQ=NJk7sYiPMRMtA@mail.gmail.com,CAAV=8vvztDLWS+Bg=Es0fJttbtsjFREbC4GQ=NJk7sYiPMRMtA@mail.gmail.com,89ca6279131998a1...,66.5,31/10/2025
EVID-139,250715 - Re_ Your VCAT application_ more information needed- VCAT reference_ R202518214 - CAAV=8vt7RDekoOznVjEh_HSrTmBXTUsJU9h9YJV4gGeRvYBqBg@mail.gmail.com.pdf,15/07/2025,VCAT Communication,250715 - Re_ Your VCAT application_ more information needed- VCAT reference_ R202518214,CAAV=8vt7RDekoOznVjEh_HSrTmBXTUsJU9h9YJV4gGeRvYBqBg@mail.gmail.com,CAAV=8vt7RDekoOznVjEh_HSrTmBXTUsJU9h9YJV4gGeRvYBqBg@mail.gmail.com,0d0a9c6bd7f6e767...,102.0,31/10/2025
EVID-140,250715 - VCAT RDRV account email verification code - 68752515.050a0220.3bf39c.b438SMTPIN_ADDED_BROKEN@mx.google.com.pdf,15/07/2025,VCAT Communication,250715 - VCAT RDRV account email verification code,68752515.050a0220.3bf39c.b438SMTPIN_ADDED_BROKEN@mx.google.com,68752515.050a0220.3bf39c.b438SMTPIN_ADDED_BROKEN@mx.google.com,e3f41086aed78be1...,45.9,31/10/2025
EVID-141,250715 - Your VCAT application_ more information needed- VCAT reference_ R202518214 - SYAPR01MB2544CA2C902FB8B99013A09EA357A@SYAPR01MB2544.ausprd01.prod.outlook.com.pdf,15/07/2025,VCAT Communication,250715 - Your VCAT application_ more information needed- VCAT reference_ R202518214,SYAPR01MB2544CA2C902FB8B99013A09EA357A@SYAPR01MB2544.ausprd01.prod.outlook.com,SYAPR01MB2544CA2C902FB8B99013A09EA357A@SYAPR01MB2544.ausprd01.prod.outlook.com,3f4ab960c631e88c...,91.6,31/10/2025
EVID-142,250715-VCAT Application R202518214_00 – Notice to Vacate Challenge.pdf,15/07/2025,VCAT Communication,VCAT Application R202518214_00 – Notice to Vacate Challenge,N/A,,8098239e4ab261b4...,66.9,15/07/2025
EVID-143,250717 - VCAT RDRV account email verification code - 6878e59e.050a0220.24d944.5720SMTPIN_ADDED_BROKEN@mx.google.com.pdf,17/07/2025,VCAT Communication,250717 - VCAT RDRV account email verification code,6878e59e.050a0220.24d944.5720SMTPIN_ADDED_BROKEN@mx.google.com,6878e59e.050a0220.24d944.5720SMTPIN_ADDED_BROKEN@mx.google.com,95ea65762da42668...,48.0,31/10/2025
EVID-144,250721 - VCAT Application  Possession of Property (Ref_ R202518589_00) - hIoXF-zUSZKlbr8YXGcelg@geopod-ismtpd-3.pdf,21/07/2025,VCAT Communication,250721 - VCAT Application  Possession of Property (Ref_ R202518589_00),hIoXF-zUSZKlbr8YXGcelg@geopod-ismtpd-3,hIoXF-zUSZKlbr8YXGcelg@geopod-ismtpd-3,781ed947b5aef990...,111.6,31/10/2025
EVID-145,"250721 - VCAT has opened a case R202518589_00 about  1803_243 Franklin Street, MELBOURNE, VIC, 3000 - 856780728.23503.1753079881062@P03465.dojvic.justice.vic.gov.au.pdf",21/07/2025,VCAT Communication,"250721 - VCAT has opened a case R202518589_00 about  1803_243 Franklin Street, MELBOURNE, VIC, 3000",856780728.23503.1753079881062@P03465.dojvic.justice.vic.gov.au,856780728.23503.1753079881062@P03465.dojvic.justice.vic.gov.au,649ace3854501b34...,185.4,31/10/2025
EVID-146,250721-VCAT APPLICATION - POSSESSION.pdf,21/07/2025,VCAT Communication,VCAT APPLICATION,POSSESSION,,cdc8658c113e3bb6...,12.7,21/07/2025
EVID-147,"250722 - Hearing scheduled for R202518589_00 1803_243 Franklin Street, MELBOURNE, VIC, 3000 - 1299007298.765.1753163281348@P03465.dojvic.justice.vic.gov.au.pdf",22/07/2025,VCAT Hearing,"250722 - Hearing scheduled for R202518589_00 1803_243 Franklin Street, MELBOURNE, VIC, 3000",1299007298.765.1753163281348@P03465.dojvic.justice.vic.gov.au,1299007298.765.1753163281348@P03465.dojvic.justice.vic.gov.au,16540f18915e5fe5...,191.5,31/10/2025
EVID-148,250722 - Re_ VCAT Application R202518214_00  Challenge to Notice to Vacate - G7typ2VnQfuqdtQgM6bQWQ@geopod-ismtpd-14.pdf,22/07/2025,VCAT Communication,250722 - Re_ VCAT Application R202518214_00  Challenge to Notice to Vacate,G7typ2VnQfuqdtQgM6bQWQ@geopod-ismtpd-14,G7typ2VnQfuqdtQgM6bQWQ@geopod-ismtpd-14,f0330775d9bf7d0d...,114.8,31/10/2025
EVID-149,"250722 - VCAT order made about R202518214_00 243 Franklin St, Unit1803, MELBOURNE, VIC, 3000 - 1206100674.24049.1753137910788@P03465.dojvic.justice.vic.gov.au.pdf",22/07/2025,VCAT Communication,"250722 - VCAT order made about R202518214_00 243 Franklin St, Unit1803, MELBOURNE, VIC, 3000",1206100674.24049.1753137910788@P03465.dojvic.justice.vic.gov.au,1206100674.24049.1753137910788@P03465.dojvic.justice.vic.gov.au,a5c46962b9533134...,132.5,31/10/2025
EVID-150,250722-order_194615752283.pdf,22/07/2025,Court Order,order_194615752283,N/A,,c9f381ba2c7e7e2d...,18.6,22/07/2025
EVID-151,250723 - VCAT RDRV account email verification code - 68807ed3.250a0220.217caa.9cd6SMTPIN_ADDED_BROKEN@mx.google.com.pdf,23/07/2025,VCAT Communication,250723 - VCAT RDRV account email verification code,68807ed3.250a0220.217caa.9cd6SMTPIN_ADDED_BROKEN@mx.google.com,68807ed3.250a0220.217caa.9cd6SMTPIN_ADDED_BROKEN@mx.google.com,0da4b49a406222e2...,48.7,31/10/2025
EVID-152,250723 - VCAT RDRV account email verification code - 68807ed3.250a0220.27fbf3.6f8dSMTPIN_ADDED_BROKEN@mx.google.com.pdf,23/07/2025,VCAT Communication,250723 - VCAT RDRV account email verification code,68807ed3.250a0220.27fbf3.6f8dSMTPIN_ADDED_BROKEN@mx.google.com,68807ed3.250a0220.27fbf3.6f8dSMTPIN_ADDED_BROKEN@mx.google.com,e108c0a6a19d5a19...,48.0,31/10/2025
EVID-153,250723 - VCAT RDRV account email verification code - 68807ee7.050a0220.1c346d.5772SMTPIN_ADDED_BROKEN@mx.google.com.pdf,23/07/2025,VCAT Communication,250723 - VCAT RDRV account email verification code,68807ee7.050a0220.1c346d.5772SMTPIN_ADDED_BROKEN@mx.google.com,68807ee7.050a0220.1c346d.5772SMTPIN_ADDED_BROKEN@mx.google.com,dc71f854d97d7dd8...,47.7,31/10/2025
EVID-154,"250723 - VCAT order made about R202518589_00 1803_243 Franklin Street, MELBOURNE, VIC, 3000 - 1156002951.2709.1753224327078@P03465.dojvic.justice.vic.gov.au.pdf",23/07/2025,VCAT Communication,"250723 - VCAT order made about R202518589_00 1803_243 Franklin Street, MELBOURNE, VIC, 3000",1156002951.2709.1753224327078@P03465.dojvic.justice.vic.gov.au,1156002951.2709.1753224327078@P03465.dojvic.justice.vic.gov.au,c6c71c9c9dfcf8b1...,133.9,31/10/2025
EVID-155,"250724 - VCAT evidence link R202518589 about 1803_243 Franklin Street, MELBOURNE, VIC, 3000 - SY7PR01MB83498DDC1220D44EBAA28BC28C5FA@SY7PR01MB8349.ausprd01.prod.outlook.com.pdf",24/07/2025,VCAT Communication,"250724 - VCAT evidence link R202518589 about 1803_243 Franklin Street, MELBOURNE, VIC, 3000",SY7PR01MB83498DDC1220D44EBAA28BC28C5FA@SY7PR01MB8349.ausprd01.prod.outlook.com,SY7PR01MB83498DDC1220D44EBAA28BC28C5FA@SY7PR01MB8349.ausprd01.prod.outlook.com,796d57e84e6d86b4...,109.7,31/10/2025
EVID-156,"250725 - Receipt of payment for 1803_243 Franklin Street, Melbourne VIC 3000 - aDfCZq7LRBeV4zXEbE4NWg@geopod-ismtpd-2.pdf",25/07/2025,Receipt,"250725 - Receipt of payment for 1803_243 Franklin Street, Melbourne VIC 3000",aDfCZq7LRBeV4zXEbE4NWg@geopod-ismtpd-2,aDfCZq7LRBeV4zXEbE4NWg@geopod-ismtpd-2,67267d6556ce4f71...,76.9,31/10/2025
EVID-157,250725-Receipt # 91716.pdf,25/07/2025,Receipt,Receipt # 91716,N/A,,e5e2b5f3872cc43f...,78.1,25/07/2025
EVID-158,250801 - Areal monthly after-hours trades list update - XHMDU5k9R_KzLk9rNyLXtg@geopod-ismtpd-16.pdf,01/08/2025,Property Mgmt,250801 - Areal monthly after-hours trades list update,XHMDU5k9R_KzLk9rNyLXtg@geopod-ismtpd-16,XHMDU5k9R_KzLk9rNyLXtg@geopod-ismtpd-16,8090ce92d84fe393...,78.2,31/10/2025
EVID-159,"250808 - Hearing reminder for 1803_243 Franklin Street, MELBOURNE, VIC, 3000 R202518589_00 - 563040061.20417.1754658014190@P03465.dojvic.justice.vic.gov.au.pdf",08/08/2025,VCAT Hearing,"250808 - Hearing reminder for 1803_243 Franklin Street, MELBOURNE, VIC, 3000 R202518589_00",563040061.20417.1754658014190@P03465.dojvic.justice.vic.gov.au,563040061.20417.1754658014190@P03465.dojvic.justice.vic.gov.au,9a298d82c5795987...,181.2,31/10/2025
EVID-160,250812 - R202518589_00 - Summary of Proof - SYBPR01MB59524649299D4C2B91833C1DD12BA@SYBPR01MB5952.ausprd01.prod.outlook.com.pdf,12/08/2025,Document,250812 - R202518589_00 - Summary of Proof,SYBPR01MB59524649299D4C2B91833C1DD12BA@SYBPR01MB5952.ausprd01.prod.outlook.com,SYBPR01MB59524649299D4C2B91833C1DD12BA@SYBPR01MB5952.ausprd01.prod.outlook.com,79fbde481d746179...,269.7,31/10/2025
EVID-161,250812 - Re_ R202518589_00 - Summary of Proof - CAAV=8vu9RA730o2oDbP80ugPsDbbF3CEUxc0v4uC6SRiQuJomw@mail.gmail.com.pdf,12/08/2025,Document,250812 - Re_ R202518589_00 - Summary of Proof,CAAV=8vu9RA730o2oDbP80ugPsDbbF3CEUxc0v4uC6SRiQuJomw@mail.gmail.com,CAAV=8vu9RA730o2oDbP80ugPsDbbF3CEUxc0v4uC6SRiQuJomw@mail.gmail.com,393240f2e26285de...,259.4,31/10/2025
EVID-162,250812-VCAT R202518589.00 Summary of proof.pdf,12/08/2025,VCAT Communication,VCAT R202518589.00 Summary of proof,N/A,,0f8dc752d6c6fc5d...,1753.4,12/08/2025
EVID-163,"250815 - VCAT order made about R202518589_00 1803_243 Franklin Street, MELBOURNE, VIC, 3000 - 231605517.30985.1755211520747@P03465.dojvic.justice.vic.gov.au.pdf",15/08/2025,VCAT Communication,"250815 - VCAT order made about R202518589_00 1803_243 Franklin Street, MELBOURNE, VIC, 3000",231605517.30985.1755211520747@P03465.dojvic.justice.vic.gov.au,231605517.30985.1755211520747@P03465.dojvic.justice.vic.gov.au,e5a44a210a0508b4...,133.8,31/10/2025
EVID-164,250817 -  Without Prejudice  Franklin 1803_ Settlement Terms (VCAT R2025_18589_00) - CAAV=8vudaEJRTaAbGUkPp40NVe4bniaN-Kvh54vdfN5bhb1wxQ@mail.gmail.com.pdf,17/08/2025,VCAT Communication,250817 -  Without Prejudice  Franklin 1803_ Settlement Terms (VCAT R2025_18589_00),CAAV=8vudaEJRTaAbGUkPp40NVe4bniaN-Kvh54vdfN5bhb1wxQ@mail.gmail.com,CAAV=8vudaEJRTaAbGUkPp40NVe4bniaN-Kvh54vdfN5bhb1wxQ@mail.gmail.com,3f48320526ddfddb...,535.5,31/10/2025
EVID-165,"250817-Notice to vacate - 1803-243 Franklin Street, Melbourne VIC 3000.pdf",17/08/2025,Legal Notice,Notice to vacate,"1803-243 Franklin Street, Melbourne VIC 3000",,56d520b50dc9e60f...,105.4,17/08/2025
EVID-166,250817-order_194930558979.pdf (SECURED).pdf,17/08/2025,Court Order,order_194930558979.pdf (SECURED),N/A,,95a1f7da41792513...,73.0,17/08/2025
EVID-167,250819 - Re_ Without Prejudice  Franklin 1803_ Settlement Terms (VCAT R2025_18589_00) - SYAPR01MB25435B810DEA9ECDB8A81735D630A@SYAPR01MB2543.ausprd01.prod.outlook.com.pdf,19/08/2025,VCAT Communication,250819 - Re_ Without Prejudice  Franklin 1803_ Settlement Terms (VCAT R2025_18589_00),SYAPR01MB25435B810DEA9ECDB8A81735D630A@SYAPR01MB2543.ausprd01.prod.outlook.com,SYAPR01MB25435B810DEA9ECDB8A81735D630A@SYAPR01MB2543.ausprd01.prod.outlook.com,2f202e71e089e732...,244.7,31/10/2025
EVID-168,"250822 - 1803_243 Franklin Street, Melbourne VIC 3000 - Notice of Entry - SYBPR01MB59527B27EBCB0DEE0B4668B2D13DA@SYBPR01MB5952.ausprd01.prod.outlook.com.pdf",22/08/2025,Legal Notice,"250822 - 1803_243 Franklin Street, Melbourne VIC 3000 - Notice of Entry",SYBPR01MB59527B27EBCB0DEE0B4668B2D13DA@SYBPR01MB5952.ausprd01.prod.outlook.com,SYBPR01MB59527B27EBCB0DEE0B4668B2D13DA@SYBPR01MB5952.ausprd01.prod.outlook.com,4170f5c6770d2aee...,258.7,31/10/2025
EVID-169,250822-FIXD investigation report.pdf,22/08/2025,Document,FIXD investigation report,N/A,,448d919d58282b6e...,1483.4,22/08/2025
EVID-170,250822-Notice of Entry (combined).pdf,22/08/2025,Legal Notice,Notice of Entry (combined),N/A,,0576229664bc6c03...,60.8,22/08/2025
EVID-171,250822-Reg post receipt.pdf,22/08/2025,Receipt,Reg post receipt,N/A,,478650433d10ae46...,94.3,22/08/2025
EVID-172,"250827 - Receipt of payment for 1803_243 Franklin Street, Melbourne VIC 3000 - DfhRI_fjQZqttaagZO6CFA@geopod-ismtpd-canary-0.pdf",27/08/2025,Receipt,"250827 - Receipt of payment for 1803_243 Franklin Street, Melbourne VIC 3000",DfhRI_fjQZqttaagZO6CFA@geopod-ismtpd-canary-0,DfhRI_fjQZqttaagZO6CFA@geopod-ismtpd-canary-0,46b65f4442fb54e6...,79.3,31/10/2025
EVID-173,250827-Receipt # 92863.pdf,27/08/2025,Receipt,Receipt # 92863,N/A,,71393a80433f8961...,78.0,27/08/2025
EVID-174,"250828 - Re_ 1803_243 Franklin Street, Melbourne VIC 3000 - Notice of Entry - CAAV=8vuT9EGAE1-Vi9ce9691rvqzFrnnh3OC+VZPn_1FkY0G=Q@mail.gmail.com.pdf",28/08/2025,Legal Notice,"250828 - Re_ 1803_243 Franklin Street, Melbourne VIC 3000 - Notice of Entry",CAAV=8vuT9EGAE1-Vi9ce9691rvqzFrnnh3OC+VZPn_1FkY0G=Q@mail.gmail.com,CAAV=8vuT9EGAE1-Vi9ce9691rvqzFrnnh3OC+VZPn_1FkY0G=Q@mail.gmail.com,e836d2eaefb4af46...,253.5,31/10/2025
EVID-175,250901 - Areal monthly after-hours trades list update - -WT58Zu6R6WQ1AbHy1IOZg@geopod-ismtpd-14.pdf,01/09/2025,Property Mgmt,250901 - Areal monthly after-hours trades list update,-WT58Zu6R6WQ1AbHy1IOZg@geopod-ismtpd-14,-WT58Zu6R6WQ1AbHy1IOZg@geopod-ismtpd-14,774001b0d7986cc8...,78.1,31/10/2025
EVID-176,250901-Chawakorn KAMNUANSIL (2508 NEW ADIT) Warning Letter for Unsatisfactory Attendance - Weekly-13495-20250901-141103.pdf,01/09/2025,Employment,Chawakorn KAMNUANSIL (2508 NEW ADIT) Warning Letter for Unsatisfactory Attendance,Weekly-13495-20250901-141103,,d6191ef339929fb3...,93.6,14/10/2025
EVID-177,"250902 - Re_ 1803_243 Franklin Street, Melbourne VIC 3000 - Notice of Entry - SYBPR01MB5952D333273ECD4D79C06FE3D106A@SYBPR01MB5952.ausprd01.prod.outlook.com.pdf",02/09/2025,Legal Notice,"250902 - Re_ 1803_243 Franklin Street, Melbourne VIC 3000 - Notice of Entry",SYBPR01MB5952D333273ECD4D79C06FE3D106A@SYBPR01MB5952.ausprd01.prod.outlook.com,SYBPR01MB5952D333273ECD4D79C06FE3D106A@SYBPR01MB5952.ausprd01.prod.outlook.com,908879a9ecc29e8e...,270.5,31/10/2025
EVID-178,250904 - 1803_243 Franklin Street - Access & Co-Operation Required - lWEet43ETQCe5Cyy9e42HQ@geopod-ismtpd-9.pdf,04/09/2025,Document,250904 - 1803_243 Franklin Street - Access & Co-Operation Required,lWEet43ETQCe5Cyy9e42HQ@geopod-ismtpd-9,lWEet43ETQCe5Cyy9e42HQ@geopod-ismtpd-9,3891083c0177542d...,99.3,31/10/2025
EVID-179,250904 - Re_ 1803_243 Franklin Street - Access & Co-Operation Required - CAAV=8vs1YSGO-YrKqt=a2hdkWaLwfBQWZHM49R3tp_U-56s0Hg@mail.gmail.com.pdf,04/09/2025,Document,250904 - Re_ 1803_243 Franklin Street - Access & Co-Operation Required,CAAV=8vs1YSGO-YrKqt=a2hdkWaLwfBQWZHM49R3tp_U-56s0Hg@mail.gmail.com,CAAV=8vs1YSGO-YrKqt=a2hdkWaLwfBQWZHM49R3tp_U-56s0Hg@mail.gmail.com,045a9d22658e4f8c...,76.4,31/10/2025
EVID-180,250904 - Re_ 1803_243 Franklin Street - Access & Co-Operation Required - CAAV=8vt85yYVUnXZRwvqOE68ux9OrHWtbJ6TqeLaCsYoA4Jocg@mail.gmail.com.pdf,04/09/2025,Document,250904 - Re_ 1803_243 Franklin Street - Access & Co-Operation Required,CAAV=8vt85yYVUnXZRwvqOE68ux9OrHWtbJ6TqeLaCsYoA4Jocg@mail.gmail.com,CAAV=8vt85yYVUnXZRwvqOE68ux9OrHWtbJ6TqeLaCsYoA4Jocg@mail.gmail.com,90a11389a9e89ead...,77.5,31/10/2025
EVID-181,250904 - You have reached us outside of business hours - TXglj8CYQQCgaF_kQv53gg@geopod-ismtpd-6.pdf,04/09/2025,Document,250904 - You have reached us outside of business hours,TXglj8CYQQCgaF_kQv53gg@geopod-ismtpd-6,TXglj8CYQQCgaF_kQv53gg@geopod-ismtpd-6,9c307953b477902b...,73.9,31/10/2025
EVID-182,250905 - Re_ 1803_243 Franklin Street - Access & Co-Operation Required - 8NzWzf5DQaiYqDKczI8-vw@geopod-ismtpd-7.pdf,05/09/2025,Document,250905 - Re_ 1803_243 Franklin Street - Access & Co-Operation Required,8NzWzf5DQaiYqDKczI8-vw@geopod-ismtpd-7,8NzWzf5DQaiYqDKczI8-vw@geopod-ismtpd-7,a5f4dd3db5861ab6...,319.9,31/10/2025
EVID-183,250905 - Re_ 1803_243 Franklin Street - Access & Co-Operation Required - CAAV=8vta56PNXu57Nc-_FOZVwX2F-Xcj7rD2FC-D+kVOaHuYDQ@mail.gmail.com.pdf,05/09/2025,Document,250905 - Re_ 1803_243 Franklin Street - Access & Co-Operation Required,CAAV=8vta56PNXu57Nc-_FOZVwX2F-Xcj7rD2FC-D+kVOaHuYDQ@mail.gmail.com,CAAV=8vta56PNXu57Nc-_FOZVwX2F-Xcj7rD2FC-D+kVOaHuYDQ@mail.gmail.com,550af8c5b806bac8...,112.5,31/10/2025
EVID-184,250905 - Re_ 1803_243 Franklin Street - Access & Co-Operation Required - GwvrtfU6QqaZU9vtkRhO8g@geopod-ismtpd-0.pdf,05/09/2025,Document,250905 - Re_ 1803_243 Franklin Street - Access & Co-Operation Required,GwvrtfU6QqaZU9vtkRhO8g@geopod-ismtpd-0,GwvrtfU6QqaZU9vtkRhO8g@geopod-ismtpd-0,f8c80c105303a9b7...,135.5,31/10/2025
EVID-185,250905 - You have reached us outside of business hours - HVqvNBvTQ5uhLOmUnY2RBQ@geopod-ismtpd-0.pdf,05/09/2025,Document,250905 - You have reached us outside of business hours,HVqvNBvTQ5uhLOmUnY2RBQ@geopod-ismtpd-0,HVqvNBvTQ5uhLOmUnY2RBQ@geopod-ismtpd-0,af4344de37f6f9ed...,73.9,31/10/2025
EVID-186,250909 - Re_ 1803_243 Franklin Street - Access & Co-Operation Required - BeZIoA-WRBe2bEA-dE9P_A@geopod-ismtpd-3.pdf,09/09/2025,Document,250909 - Re_ 1803_243 Franklin Street - Access & Co-Operation Required,BeZIoA-WRBe2bEA-dE9P_A@geopod-ismtpd-3,BeZIoA-WRBe2bEA-dE9P_A@geopod-ismtpd-3,49f66593b19559f9...,253.6,31/10/2025
EVID-187,250909-Notice to Entry (17 - 22 Sep).pdf,09/09/2025,Legal Notice,Notice to Entry (17,22 Sep),,b4b007f1dbc2f2fb...,43.7,09/09/2025
EVID-188,250909-Registered post receipt.pdf,09/09/2025,Receipt,Registered post receipt,N/A,,377227b325c45e5b...,45.3,09/09/2025
EVID-189,250915-Chawakorn KAMNUANSIL (2508 NEW ADIT) Warning Letter for Unsatisfactory Attendance - Weekly-13495-20250915-174434.pdf,15/09/2025,Employment,Chawakorn KAMNUANSIL (2508 NEW ADIT) Warning Letter for Unsatisfactory Attendance,Weekly-13495-20250915-174434,,4ee4d914d92dc6b1...,93.2,14/10/2025
EVID-190,250916 - Re_ 1803_243 Franklin Street - Access & Co-Operation Required - CAAV=8vtDtqu-AWt=1+rRpy5d9nwp=X2jr=BOq7+co--ou_EpJQ@mail.gmail.com.pdf,16/09/2025,Document,250916 - Re_ 1803_243 Franklin Street - Access & Co-Operation Required,CAAV=8vtDtqu-AWt=1+rRpy5d9nwp=X2jr=BOq7+co--ou_EpJQ@mail.gmail.com,CAAV=8vtDtqu-AWt=1+rRpy5d9nwp=X2jr=BOq7+co--ou_EpJQ@mail.gmail.com,d5985b56f3d61cfa...,59.0,31/10/2025
EVID-191,250916 - You have reached us outside of business hours - P1KBp5NfQhuBU1qho8wzuw@geopod-ismtpd-1.pdf,16/09/2025,Document,250916 - You have reached us outside of business hours,P1KBp5NfQhuBU1qho8wzuw@geopod-ismtpd-1,P1KBp5NfQhuBU1qho8wzuw@geopod-ismtpd-1,f101a7ae2a210ac3...,73.2,31/10/2025
EVID-192,250917-liam-voicemail.pdf,17/09/2025,Document,liam-voicemail,N/A,,eda911f1006ad243...,151.2,14/10/2025
EVID-193,250917-sms-to-liam-re-property-access.pdf,17/09/2025,Document,sms-to-liam-re-property-access,N/A,,5b5907a47395aed6...,150.2,14/10/2025
EVID-194,"250930 - Receipt of payment for 1803_243 Franklin Street, Melbourne VIC 3000 - zs6ltfuRRbS9TA-q_-LKCA@geopod-ismtpd-7.pdf",30/09/2025,Receipt,"250930 - Receipt of payment for 1803_243 Franklin Street, Melbourne VIC 3000",zs6ltfuRRbS9TA-q_-LKCA@geopod-ismtpd-7,zs6ltfuRRbS9TA-q_-LKCA@geopod-ismtpd-7,7aaac29dab5f4491...,77.1,31/10/2025
EVID-195,250930-Receipt # 94202.pdf,30/09/2025,Receipt,Receipt # 94202,N/A,,36f45a6334e9e709...,77.8,30/09/2025
EVID-196,251002 - Areal monthly after-hours trades list update - NdGVaaQRTpyJ7ifzkQj2pA@geopod-ismtpd-8.pdf,02/10/2025,Property Mgmt,251002 - Areal monthly after-hours trades list update,NdGVaaQRTpyJ7ifzkQj2pA@geopod-ismtpd-8,NdGVaaQRTpyJ7ifzkQj2pA@geopod-ismtpd-8,57056c7d792bc741...,78.5,31/10/2025
EVID-197,251014-school-reassessment-request.pdf,14/10/2025,Document,school-reassessment-request,N/A,,bf8fc7be56e9945c...,87.0,14/10/2025
EVID-198,"251020 - Courtesy Reminder_ Upcoming Rent Payment for 1803_243 Franklin Street, Melbourne VIC 3000 - S9zQDnzXQdaYuqXtfFPJuw@geopod-ismtpd-2.pdf",20/10/2025,Receipt,"251020 - Courtesy Reminder_ Upcoming Rent Payment for 1803_243 Franklin Street, Melbourne VIC 3000",S9zQDnzXQdaYuqXtfFPJuw@geopod-ismtpd-2,S9zQDnzXQdaYuqXtfFPJuw@geopod-ismtpd-2,c364872662eae1b2...,79.2,31/10/2025
EVID-199,251020-Rent Invoice #009872.pdf,20/10/2025,Receipt,Rent Invoice #009872,N/A,,96613fd7625d5d38...,77.7,20/10/2025
EVID-200,"251028 - Receipt of payment for 1803_243 Franklin Street, Melbourne VIC 3000 - FVsaqS0cShiZcJE6Om5syQ@geopod-ismtpd-10.pdf",28/10/2025,Receipt,"251028 - Receipt of payment for 1803_243 Franklin Street, Melbourne VIC 3000",FVsaqS0cShiZcJE6Om5syQ@geopod-ismtpd-10,FVsaqS0cShiZcJE6Om5syQ@geopod-ismtpd-10,cdc62ff4bc13e99f...,77.6,31/10/2025
EVID-201,251028-Receipt # 95582.pdf,28/10/2025,Receipt,Receipt # 95582,N/A,,cacf79da5e092958...,77.8,28/10/2025
