EVID ID,Filename,Date,Category,Subject,Topics,Importance,Parties,Summary,File Size (KB),Modified
EVID-001,241016-residential-rental-agreement-1803-243-franklin-st.pdf,16/10/2024,Tenancy Agreement,residential-rental-agreement-1803-243-franklin-st,Rent & Payment,Medium,Franklin St Property,bnbculture pty ltd,606.7,14/10/2025
EVID-002,250207 - Welcome to Areal Property  Your New Property Management Team - bNDbxXBbQNSd_b8rglR2pg@geopod-ismtpd-9.pdf,07/02/2025,Property Management,250207 - Welcome to Areal Property  Your New Property Management Team,Tenancy Termination; Rent & Payment; Repairs & Maintenance,High,Camberwell Rd Property; Property Manager/Areal,subject: message-id:welcome to areal property – your new property management tea,89.8,31/10/2025
EVID-003,250207-Emergency Maintenance Trades Contact List Hawthorn.pdf,07/02/2025,Water Damage & Leak,Emergency Maintenance Trades Contact List Hawthorn,Water & Leak; Rent & Payment; Property Access,High,Property Manager/Areal,emergency maintenance  & urgent repairs,184.1,07/02/2025
EVID-004,"250225 - Receipt of payment for 1803_243 Franklin St, Melbourne VIC 3000 - VvSmC2yFSZCtbt6d7NnvMw@geopod-ismtpd-7.pdf",25/02/2025,Receipt & Payment,"250225 - Receipt of payment for 1803_243 Franklin St, Melbourne VIC 3000",Rent & Payment,High,Property Manager/Areal; Franklin St Property,"subject: message-id:receipt of payment for 1803/243 franklin st, melbourne vic 3",77.3,31/10/2025
EVID-005,250225-Receipt # 85835.pdf,25/02/2025,Receipt & Payment,Receipt # 85835,Rent & Payment,Medium,Camberwell Rd Property; Property Manager/Areal; Franklin St Property,(h) 03 9818 8991,84.1,25/02/2025
EVID-006,250325 - Areal monthly after-hours trades list update - TdVM09MYTMK3NYfff3Ex7g@geopod-ismtpd-9.pdf,25/03/2025,Water Damage & Leak,250325 - Areal monthly after-hours trades list update,Water & Leak; Rent & Payment; Property Access,High,Property Manager/Areal,"subject: message-id:areal monthly after-hours trades list updatefrom: ""hilary ho",78.4,31/10/2025
EVID-007,"250325 - Receipt of payment for 1803_243 Franklin St, Melbourne VIC 3000 - rAeUl6dhT1Kyd4D9Bf1uPA@geopod-ismtpd-canary-0.pdf",25/03/2025,Receipt & Payment,"250325 - Receipt of payment for 1803_243 Franklin St, Melbourne VIC 3000",Rent & Payment,High,Property Manager/Areal; Franklin St Property,"subject: message-id:receipt of payment for 1803/243 franklin st, melbourne vic 3",77.8,31/10/2025
EVID-008,250325-Receipt # 87045.pdf,25/03/2025,Receipt & Payment,Receipt # 87045,Rent & Payment,Medium,Camberwell Rd Property; Property Manager/Areal; Franklin St Property,(h) 03 9818 8991,87.6,25/03/2025
EVID-009,250401 - Areal monthly after-hours trades list update - LLE5QLN0R5uOai57XEw_3g@geopod-ismtpd-0.pdf,01/04/2025,Water Damage & Leak,250401 - Areal monthly after-hours trades list update,Water & Leak; Rent & Payment; Property Access,High,Property Manager/Areal,"subject: message-id:areal monthly after-hours trades list updatefrom: ""hilary ho",78.6,31/10/2025
EVID-010,250402 - Non-Urgent Maintenance Request (1803_243 Franklin st)  Broken Bed Frame with Exposed Nails - CAAV=8vuQy1pSm2ScC1ogch9EGCP0j-SKGhMosoqcUDhZHGiVaA@mail.gmail.com.pdf,02/04/2025,Maintenance Request,250402 - Non-Urgent Maintenance Request (1803_243 Franklin st)  Broken Bed Frame,Repairs & Maintenance,High,Property Manager/Areal; Franklin St Property,subject:,116186.7,31/10/2025
EVID-011,250408 - Fwd_ Non-Urgent Maintenance Request (1803_243 Franklin st)  Broken Bed Frame with Exposed Nails - CAAV=8vsVTzDNHuSWuYORhKTzLEO4wb3vL8nQACRTOJfb-eCe0g@mail.gmail.com.pdf,08/04/2025,Maintenance Request,250408 - Fwd_ Non-Urgent Maintenance Request (1803_243 Franklin st)  Broken Bed ,Rent & Payment; Repairs & Maintenance,High,Property Manager/Areal; Franklin St Property,subject:,116192.7,31/10/2025
EVID-012,250409 - Re_ Non-Urgent Maintenance Request (1803_243 Franklin st)  Broken Bed Frame with Exposed Nails - ME3PR01MB824149B5C4234EB5E6A31C66DAB42@ME3PR01MB8241.ausprd01.prod.outlook.com.pdf,09/04/2025,Maintenance Request,250409 - Re_ Non-Urgent Maintenance Request (1803_243 Franklin st)  Broken Bed F,Rent & Payment; Repairs & Maintenance,High,Camberwell Rd Property; Property Manager/Areal; Franklin St Property,subject: message-id:re: non-urgent maintenance request (1803/243 franklin st) – ,218.8,31/10/2025
EVID-013,250416 - Re_ Urgent_ Water Damage on Bedroom Wall (Unit 1803) - CAAV=8vswkBjs+XG=uSswFDXRj_rQpDgF+FzAATG2ttMBP2V3NQ@mail.gmail.com.pdf,16/04/2025,Water Damage & Leak,250416 - Re_ Urgent_ Water Damage on Bedroom Wall (Unit 1803),Water & Leak; Rent & Payment; Evidence,High,Camberwell Rd Property; Property Manager/Areal; Franklin St Property,subject:,212.0,31/10/2025
EVID-014,250416 - Re_ Urgent_ Water Damage on Bedroom Wall (Unit 1803) - ME3PR01MB8241FBF8DF5E327065E1A1ABDABD2@ME3PR01MB8241.ausprd01.prod.outlook.com.pdf,16/04/2025,Water Damage & Leak,250416 - Re_ Urgent_ Water Damage on Bedroom Wall (Unit 1803),Water & Leak; Rent & Payment; Evidence,High,Camberwell Rd Property; Property Manager/Areal; Franklin St Property,subject: message-id:re: urgent: water damage on bedroom wall (unit 1803)from: hi,206.6,31/10/2025
EVID-015,250416 - Urgent_ Water Damage on Bedroom Wall (Unit 1803) - CAAV=8vvZigwdNUxLOVCfHK69GhXfRTY1xxWoc3Xjv2d-Cm=h=g@mail.gmail.com.pdf,16/04/2025,Water Damage & Leak,250416 - Urgent_ Water Damage on Bedroom Wall (Unit 1803),Water & Leak; Evidence; Repairs & Maintenance,High,Property Manager/Areal; Franklin St Property,subject: message-id:urgent: water damage on bedroom wall (unit 1803)from: chawak,50809.5,31/10/2025
EVID-016,250420 - Automatic reply_ Urgent_ Water Damage on Bedroom Wall (Unit 1803) - c11f80d2d9e4469b8528334d20b3c4ce@ME3PR01MB8241.ausprd01.prod.outlook.com.pdf,20/04/2025,Property Management,250420 - Automatic reply_ Urgent_ Water Damage on Bedroom Wall (Unit 1803),Water & Leak; Rent & Payment; Repairs & Maintenance,High,Camberwell Rd Property; Property Manager/Areal; Franklin St Property,subject: message-id:automatic reply: urgent: water damage on bedroom wall (unit ,44.4,31/10/2025
EVID-017,250420 - Re_ Urgent_ Water Damage on Bedroom Wall (Unit 1803) - CAAV=8vvKRyv_a7aNhbgBu8oykp97_GS0DhmApYWHbfEzLjMtPA@mail.gmail.com.pdf,20/04/2025,Water Damage & Leak,250420 - Re_ Urgent_ Water Damage on Bedroom Wall (Unit 1803),Repairs & Maintenance; Water & Leak; Rent & Payment,High,Camberwell Rd Property; Property Manager/Areal; Franklin St Property,subject:,29762.6,31/10/2025
EVID-018,"250423 - Receipt of payment for 1803_243 Franklin St, Melbourne VIC 3000 - xPWIuD6PSe6QEk9BCXegkw@geopod-ismtpd-11.pdf",23/04/2025,Receipt & Payment,"250423 - Receipt of payment for 1803_243 Franklin St, Melbourne VIC 3000",Rent & Payment,High,Property Manager/Areal; Franklin St Property,"subject: message-id:receipt of payment for 1803/243 franklin st, melbourne vic 3",78.0,31/10/2025
EVID-019,250423 - Second Follow-up_ Urgent Water Damage Escalation  Immediate Action Required (Unit 1803)   - CAAV=8vuh92vNwVdB0eqSAjKbk7cZHscd1fbYYjQwX4j6-2ehWg@mail.gmail.com.pdf,23/04/2025,Water Damage & Leak,250423 - Second Follow-up_ Urgent Water Damage Escalation  Immediate Action Requ,Repairs & Maintenance; Water & Leak; Rent & Payment,High,Property Manager/Areal; Franklin St Property,subject:,32435.7,31/10/2025
EVID-020,250423-Receipt # 88184.pdf,23/04/2025,Receipt & Payment,Receipt # 88184,Rent & Payment,Medium,Camberwell Rd Property; Property Manager/Areal; Franklin St Property,(h) 03 9818 8991,87.5,23/04/2025
EVID-021,250424 - Re_ FW_ Second Follow-up_ Urgent Water Damage Escalation  Immediate Action Required (Unit 1803) - XCpNOfqoQRSJkOVp4j_b-Q@geopod-ismtpd-6.pdf,24/04/2025,Water Damage & Leak,250424 - Re_ FW_ Second Follow-up_ Urgent Water Damage Escalation  Immediate Act,Repairs & Maintenance; Water & Leak; Rent & Payment,High,Camberwell Rd Property; Property Manager/Areal; Franklin St Property,subject: message-id:re: fw: second follow-up: urgent water damage escalation – i,114.2,31/10/2025
EVID-022,"250424 - Routine inspection scheduled for 1803_243 Franklin St, Melbourne VIC 3000 - 6qnX7yw8R8eWzLZ6mPtgSQ@geopod-ismtpd-16.pdf",24/04/2025,Property Inspection,"250424 - Routine inspection scheduled for 1803_243 Franklin St, Melbourne VIC 30",Rent & Payment; Property Access; Evidence,High,Property Manager/Areal; Franklin St Property,"subject: message-id:routine inspection scheduled for 1803/243 franklin st, melbo",71.5,31/10/2025
EVID-023,250428 - Update on Leak Inspection-1803_243 Franklin - 4QLBUF9uSEmROIykJr1CWA@geopod-ismtpd-canary-0.pdf,28/04/2025,Water Damage & Leak,250428 - Update on Leak Inspection-1803_243 Franklin,Water & Leak; Evidence,High,Camberwell Rd Property; Property Manager/Areal; Franklin St Property,"subject: message-id:update on leak inspection-1803/243 franklinfrom: ""sylvia hao",2468.2,31/10/2025
EVID-024,250428 - Update on Leak Issue at 1803_ 243 Franklin - 8uZNaRe5QeC5Hhm1EbTIqA@geopod-ismtpd-16.pdf,28/04/2025,Water Damage & Leak,250428 - Update on Leak Issue at 1803_ 243 Franklin,Water & Leak; Evidence; Repairs & Maintenance,High,Camberwell Rd Property; Property Manager/Areal; Franklin St Property,"subject: message-id:update on leak issue at 1803/ 243 franklinfrom: ""sylvia hao ",95.8,31/10/2025
EVID-025,"250430 - Routine inspection for 1803_243 Franklin St, Melbourne VIC 3000 - Reminder - 7ImO9OCRSiqbDHredWlFzQ@geopod-ismtpd-11.pdf",30/04/2025,Property Inspection,"250430 - Routine inspection for 1803_243 Franklin St, Melbourne VIC 3000 - Remin",Rent & Payment; Property Access; Evidence,High,Property Manager/Areal; Franklin St Property,"subject: message-id:routine inspection for 1803/243 franklin st, melbourne vic 3",72.2,31/10/2025
EVID-026,250501 - Areal monthly after-hours trades list update - gOO3iPI3QmOZtF6kWxNBEA@geopod-ismtpd-3.pdf,01/05/2025,Water Damage & Leak,250501 - Areal monthly after-hours trades list update,Water & Leak; Rent & Payment; Property Access,High,Property Manager/Areal,"subject: message-id:areal monthly after-hours trades list updatefrom: ""sylvia ha",77.6,31/10/2025
EVID-027,250502 - Leaking Repaired Confirmation  - 1803_243 Franklin St - zxGwId9eSLCgK3Xac8v7YA@geopod-ismtpd-11.pdf,02/05/2025,Water Damage & Leak,250502 - Leaking Repaired Confirmation  - 1803_243 Franklin St,Water & Leak; Repairs & Maintenance,High,Camberwell Rd Property; Property Manager/Areal; Franklin St Property,"subject: message-id:leaking repaired conﬁrmation - 1803/243 franklin stfrom: ""sy",98.3,31/10/2025
EVID-028,250509 - Follow-up on Wall and Carpet Damage  1803_243 Franklin St - CAAV=8vvj9VaF+zYoA9jcvsJX9LMr+w5pTZ9-yZ85H3AXUUkT2A@mail.gmail.com.pdf,09/05/2025,Water Damage & Leak,250509 - Follow-up on Wall and Carpet Damage  1803_243 Franklin St,Water & Leak; Evidence,High,Property Manager/Areal; Franklin St Property,subject: message-id:follow-up on wall and carpet damage – 1803/243 franklin stfr,40.6,31/10/2025
EVID-029,250509 - Re_ Follow-up on Wall and Carpet Damage  1803_243 Franklin St - ME2PR01MB547482C01171513F28E41756A48AA@ME2PR01MB5474.ausprd01.prod.outlook.com.pdf,09/05/2025,Water Damage & Leak,250509 - Re_ Follow-up on Wall and Carpet Damage  1803_243 Franklin St,Water & Leak; Rent & Payment; Evidence,High,Camberwell Rd Property; Property Manager/Areal; Franklin St Property,subject: message-id:re: follow-up on wall and carpet damage – 1803/243 franklin ,257.5,31/10/2025
EVID-030,250510 - Re_ Follow-up on Wall and Carpet Damage  1803_243 Franklin St - CAAV=8vuhGmwAEejKPfd4XsXPsjgNtpUjCYgSpZeXBA6RLK9z5g@mail.gmail.com.pdf,10/05/2025,Wall & Carpet Damage,250510 - Re_ Follow-up on Wall and Carpet Damage  1803_243 Franklin St,Water & Leak; Repairs & Maintenance,High,Camberwell Rd Property; Property Manager/Areal; Franklin St Property,subject:,12961.8,31/10/2025
EVID-031,250512 - Re_ FW_ Follow-up on Wall and Carpet Damage  1803_243 Franklin St - bR3e2vDHSdSyfb3oGAQMaQ@geopod-ismtpd-canary-0.pdf,12/05/2025,Wall & Carpet Damage,250512 - Re_ FW_ Follow-up on Wall and Carpet Damage  1803_243 Franklin St,Water & Leak; Rent & Payment; Evidence,High,Camberwell Rd Property; Property Manager/Areal; Franklin St Property,subject: message-id:re: fw: follow-up on wall and carpet damage – 1803/243 frank,121.3,31/10/2025
EVID-032,"250513 - Re_ PS628109B - R&M - Water Leak Lot 1803A - 243, 253 & 263 Franklin Street - QlWNgtmlTLaSXxgA-zJ8Mg@geopod-ismtpd-10.pdf",13/05/2025,Water Damage & Leak,"250513 - Re_ PS628109B - R&M - Water Leak Lot 1803A - 243, 253 & 263 Franklin St",Water & Leak; Rent & Payment; Property Access,High,Camberwell Rd Property; Property Manager/Areal; Franklin St Property,"subject: message-id:re: ps628109b - r&m - water leak lot 1803a - 243, 253 & 263 ",347.7,31/10/2025
EVID-033,"250526 - Receipt of payment for 1803_243 Franklin Street, Melbourne VIC 3000 - RSXxSwpfRrepgkJGLXZagw@geopod-ismtpd-12.pdf",26/05/2025,Receipt & Payment,"250526 - Receipt of payment for 1803_243 Franklin Street, Melbourne VIC 3000",Rent & Payment,High,Property Manager/Areal; Franklin St Property,"subject: message-id:receipt of payment for 1803/243 franklin street, melbourne v",77.1,31/10/2025
EVID-034,250526-Receipt # 89393.pdf,26/05/2025,Receipt & Payment,Receipt # 89393,Rent & Payment,Medium,Camberwell Rd Property; Property Manager/Areal; Franklin St Property,(h) 03 9818 8991,77.8,26/05/2025
EVID-035,250529 - Leak Rectification Works  Access Required - cii66zKWQlShflJnn2WQCA@geopod-ismtpd-canary-0.pdf,29/05/2025,Water Damage & Leak,250529 - Leak Rectification Works  Access Required,Water & Leak; Property Access,High,Camberwell Rd Property; Property Manager/Areal,"subject: message-id:leak rectiﬁcation works – access requiredfrom: ""sylvia hao -",96.9,31/10/2025
EVID-036,250602 - Areal monthly after-hours trades list update - Y5ZjvYI9TIOAP4HbNkU8YQ@geopod-ismtpd-7.pdf,02/06/2025,Water Damage & Leak,250602 - Areal monthly after-hours trades list update,Water & Leak; Rent & Payment; Property Access,High,Property Manager/Areal,"subject: message-id:areal monthly after-hours trades list updatefrom: ""sylvia ha",77.8,31/10/2025
EVID-037,250602 - Re_ FW_ Follow-up on Wall and Carpet Damage  1803_243 Franklin St - HWWfmj4JQoebfjfpdeDpxw@geopod-ismtpd-11.pdf,02/06/2025,Wall & Carpet Damage,250602 - Re_ FW_ Follow-up on Wall and Carpet Damage  1803_243 Franklin St,Tenancy Termination; Property Access; Repairs & Maintenance,High,Camberwell Rd Property; Property Manager/Areal; Franklin St Property,subject: message-id:re: fw: follow-up on wall and carpet damage – 1803/243 frank,150.3,31/10/2025
EVID-038,250603 - Re_ FW_ Follow-up on Wall and Carpet Damage  1803_243 Franklin St - CAAV=8vsvdhU7-2mouSU8xkrhKE4t1EkWqJDWRburm0XgObEzZQ@mail.gmail.com.pdf,03/06/2025,Water Damage & Leak,250603 - Re_ FW_ Follow-up on Wall and Carpet Damage  1803_243 Franklin St,Tenancy Termination; Property Access; Repairs & Maintenance,Critical,VCAT; Camberwell Rd Property; Property Manager/Areal; Franklin St Property,subject: message-id:re: fw: follow-up on wall and carpet damage – 1803/243 frank,103.6,31/10/2025
EVID-039,250603 - Re_ FW_ Follow-up on Wall and Carpet Damage  1803_243 Franklin St - WvBQeZuXT9CF88HVzHiiyQ@geopod-ismtpd-8.pdf,03/06/2025,Wall & Carpet Damage,250603 - Re_ FW_ Follow-up on Wall and Carpet Damage  1803_243 Franklin St,Tenancy Termination; Property Access; Repairs & Maintenance,High,Camberwell Rd Property; Property Manager/Areal; Franklin St Property,subject: message-id:re: fw: follow-up on wall and carpet damage – 1803/243 frank,191.5,31/10/2025
EVID-040,250605 - Re_ FW_ Follow-up on Wall and Carpet Damage  1803_243 Franklin St - T57ito3kS9qfby4C8r2MEQ@geopod-ismtpd-12.pdf,05/06/2025,Water Damage & Leak,250605 - Re_ FW_ Follow-up on Wall and Carpet Damage  1803_243 Franklin St,Property Access; Repairs & Maintenance; Water & Leak,Critical,VCAT; Camberwell Rd Property; Property Manager/Areal; Franklin St Property,subject: message-id:re: fw: follow-up on wall and carpet damage – 1803/243 frank,197.3,31/10/2025
EVID-041,250606 - Follow-up  Formal Demand & Statement Regarding Unresolved Repairs (Unit 1803) - CAAV=8vs1uvzVDRjiQoeQsd9ambDRmKOEuOszLq1seEhjQ_zDXA@mail.gmail.com.pdf,06/06/2025,Legal Demand,250606 - Follow-up  Formal Demand & Statement Regarding Unresolved Repairs (Unit,Repairs & Maintenance; Water & Leak; Rent & Payment,Critical,VCAT; Property Manager/Areal; Franklin St Property,subject: message-id:follow-up – formal demand & statement regarding unresolved r,59.9,31/10/2025
EVID-042,250606 - Re_ Follow-up  Formal Demand & Statement Regarding Unresolved Repairs (Unit 1803) - CAAV=8vvzDYSgJdB2nPq-SvmopCv0MwVVN4GAUD0F=Khiy6ZYeQ@mail.gmail.com.pdf,06/06/2025,Legal Demand,250606 - Re_ Follow-up  Formal Demand & Statement Regarding Unresolved Repairs (,Property Access; Repairs & Maintenance; Water & Leak,Critical,VCAT; Camberwell Rd Property; Property Manager/Areal; Franklin St Property,subject: message-id:re: follow-up – formal demand & statement regarding unresolv,94.5,31/10/2025
EVID-043,250606 - Re_ Follow-up  Formal Demand & Statement Regarding Unresolved Repairs (Unit 1803) - nO9U0Z6KR2O-1seYEUMENA@geopod-ismtpd-8.pdf,06/06/2025,Legal Demand,250606 - Re_ Follow-up  Formal Demand & Statement Regarding Unresolved Repairs (,Property Access; Repairs & Maintenance; Water & Leak,Critical,VCAT; Camberwell Rd Property; Property Manager/Areal; Franklin St Property,subject: message-id:re: follow-up – formal demand & statement regarding unresolv,105.0,31/10/2025
EVID-044,250606 - You have reached us outside of business hours - CB26068lSz2iqF1G_8pNEA@geopod-ismtpd-16.pdf,06/06/2025,Maintenance Request,250606 - You have reached us outside of business hours,Health & Medical; Rent & Payment; Property Access,High,Property Manager/Areal,"subject: message-id:you have reached us outside of business hoursfrom: ""areal pr",73.4,31/10/2025
EVID-045,250606-Chawakorn_Response_Repair_Access.pdf,06/06/2025,Tenancy Agreement,Chawakorn_Response_Repair_Access,Property Access; Repairs & Maintenance; Water & Leak,Critical,VCAT,"dear sylvia,",2.9,06/06/2025
EVID-046,250606-Formal_Demand_Letter_Chawakorn.pdf,06/06/2025,Water Damage & Leak,Formal_Demand_Letter_Chawakorn,Repairs & Maintenance; Water & Leak; Rent & Payment,Critical,VCAT; Franklin St Property,subject: without prejudice - formal demand for remedial action and rent compensa,2.7,06/06/2025
EVID-047,250606-Tenant_Statement_Chawakorn.pdf,06/06/2025,Wall & Carpet Damage,Tenant_Statement_Chawakorn,Water & Leak; Tenancy Termination; Rent & Payment,High,Property Manager/Areal; Franklin St Property,tenant statement of verbal communications and delayed repairs,2.9,06/06/2025
EVID-048,250610 - Re_ Follow-up  Formal Demand & Statement Regarding Unresolved Repairs (Unit 1803) - qoR5eGyiRgmLqDJH4SxPfw@geopod-ismtpd-3.pdf,10/06/2025,Legal Demand,250610 - Re_ Follow-up  Formal Demand & Statement Regarding Unresolved Repairs (,Property Access; Repairs & Maintenance; Water & Leak,Critical,VCAT; Camberwell Rd Property; Property Manager/Areal; Franklin St Property,subject: message-id:re: follow-up – formal demand & statement regarding unresolv,123.8,31/10/2025
EVID-049,250610 - Re_ Follow-up  Formal Demand & Statement Regarding Unresolved Repairs (Unit 1803) - uW4hCjWyR8qEuVSaYk02Ng@geopod-ismtpd-16.pdf,10/06/2025,Legal Demand,250610 - Re_ Follow-up  Formal Demand & Statement Regarding Unresolved Repairs (,Property Access; Repairs & Maintenance; Water & Leak,Critical,VCAT; Camberwell Rd Property; Property Manager/Areal; Franklin St Property,subject: message-id:re: follow-up – formal demand & statement regarding unresolv,154.7,31/10/2025
EVID-050,250611 - Re_ Rent Adjustment  Request for Clarification and Meeting (12 June) - CAAV=8vv02ZzW3znii1nTKELOCJt_cc6Fmg1kBcm-=akeuw2kxQ@mail.gmail.com.pdf,11/06/2025,Receipt & Payment,250611 - Re_ Rent Adjustment  Request for Clarification and Meeting (12 June),Rent & Payment; Settlement; Repairs & Maintenance,High,Camberwell Rd Property; Property Manager/Areal,subject: message-id:re: rent adjustment – request for clariﬁcation and meeting (,100.9,31/10/2025
EVID-051,250611 - You have reached us outside of business hours - Ytw1FnuySC6Brj1BssrqwA@geopod-ismtpd-1.pdf,11/06/2025,Maintenance Request,250611 - You have reached us outside of business hours,Health & Medical; Rent & Payment; Property Access,High,Property Manager/Areal,"subject: message-id:you have reached us outside of business hoursfrom: ""areal pr",73.2,31/10/2025
EVID-052,250612 - Re_ Follow-up  Formal Demand & Statement Regarding Unresolved Repairs (Unit 1803) - 3UzWfr2AStOuwqWo8CxVzA@geopod-ismtpd-15.pdf,12/06/2025,Legal Demand,250612 - Re_ Follow-up  Formal Demand & Statement Regarding Unresolved Repairs (,Rent & Payment; Settlement; Repairs & Maintenance,High,Camberwell Rd Property; Property Manager/Areal; Franklin St Property,subject: message-id:re: follow-up – formal demand & statement regarding unresolv,145.2,31/10/2025
EVID-053,250613 - Re_ Follow-up  Formal Demand & Statement Regarding Unresolved Repairs (Unit 1803) - D022281F-98FC-4BB6-852F-B9F2938DFBE1@gmail.com.pdf,13/06/2025,Legal Demand,250613 - Re_ Follow-up  Formal Demand & Statement Regarding Unresolved Repairs (,Rent & Payment; Settlement; Repairs & Maintenance,High,Camberwell Rd Property; Property Manager/Areal; Franklin St Property,subject: message-id:re: follow-up – formal demand & statement regarding unresolv,148.1,31/10/2025
EVID-054,250613 - Re_ Follow-up  Formal Demand & Statement Regarding Unresolved Repairs (Unit 1803) - oFFE57p1ROqUP0GEA-GTFA@geopod-ismtpd-canary-0.pdf,13/06/2025,Wall & Carpet Damage,250613 - Re_ Follow-up  Formal Demand & Statement Regarding Unresolved Repairs (,Property Access; Repairs & Maintenance; Water & Leak,High,Camberwell Rd Property; Property Manager/Areal; Franklin St Property,subject: message-id:re: follow-up – formal demand & statement regarding unresolv,181.3,31/10/2025
EVID-055,250613 - You have reached us outside of business hours - aV8DXJjjRjqJw1uYtwYRbQ@geopod-ismtpd-10.pdf,13/06/2025,Maintenance Request,250613 - You have reached us outside of business hours,Health & Medical; Rent & Payment; Property Access,High,Property Manager/Areal,"subject: message-id:you have reached us outside of business hoursfrom: ""areal pr",73.5,31/10/2025
EVID-056,250616 - Re_ Follow-up  Formal Demand & Statement Regarding Unresolved Repairs (Unit 1803) - CAAV=8vvDk0Nd0o1KxFuePuKE5GSfTVKPNQTgRxQFfM4jPYq0kA@mail.gmail.com.pdf,16/06/2025,Wall & Carpet Damage,250616 - Re_ Follow-up  Formal Demand & Statement Regarding Unresolved Repairs (,Property Access; Repairs & Maintenance; Water & Leak,High,Camberwell Rd Property; Property Manager/Areal; Franklin St Property,subject: message-id:re: follow-up – formal demand & statement regarding unresolv,101.2,31/10/2025
EVID-057,250616 - Re_ Follow-up  Formal Demand & Statement Regarding Unresolved Repairs (Unit 1803) - XKkyKuy2R0mNufTA4QFQsg@geopod-ismtpd-8.pdf,16/06/2025,Wall & Carpet Damage,250616 - Re_ Follow-up  Formal Demand & Statement Regarding Unresolved Repairs (,Property Access; Repairs & Maintenance; Water & Leak,High,Camberwell Rd Property; Property Manager/Areal; Franklin St Property,subject: message-id:re: follow-up – formal demand & statement regarding unresolv,145.6,31/10/2025
EVID-058,250616 - You have reached us outside of business hours - T0iNuMs9THG2zC-v7v70Zg@geopod-ismtpd-10.pdf,16/06/2025,Maintenance Request,250616 - You have reached us outside of business hours,Health & Medical; Rent & Payment; Property Access,High,Property Manager/Areal,"subject: message-id:you have reached us outside of business hoursfrom: ""areal pr",73.3,31/10/2025
EVID-059,250618 - Remediation Works  Start Date Confirmed - jDdicc5QRQuFndK1xPjB6w@geopod-ismtpd-12.pdf,18/06/2025,Wall & Carpet Damage,250618 - Remediation Works  Start Date Confirmed,Property Access; Repairs & Maintenance,High,Camberwell Rd Property; Property Manager/Areal,"subject: message-id:remediation works – start date conﬁrmedfrom: ""sylvia hao - a",96.6,31/10/2025
EVID-060,250623 - Re_ Follow-up  Formal Demand & Statement Regarding Unresolved Repairs (Unit 1803) - -Yy8h3xmSTCky_FFv3gCjQ@geopod-ismtpd-5.pdf,23/06/2025,Wall & Carpet Damage,250623 - Re_ Follow-up  Formal Demand & Statement Regarding Unresolved Repairs (,Property Access; Repairs & Maintenance; Water & Leak,High,Camberwell Rd Property; Property Manager/Areal; Franklin St Property,subject: message-id:re: follow-up – formal demand & statement regarding unresolv,159.1,31/10/2025
EVID-061,250623 - Re_ Follow-up  Formal Demand & Statement Regarding Unresolved Repairs (Unit 1803) - CAAV=8vsQuD+Bhy97R6kAOhrkKWYgmGLFNzHR-GazuDz98Wm9-w@mail.gmail.com.pdf,23/06/2025,Wall & Carpet Damage,250623 - Re_ Follow-up  Formal Demand & Statement Regarding Unresolved Repairs (,Property Access; Repairs & Maintenance; Water & Leak,Critical,VCAT; Camberwell Rd Property; Property Manager/Areal; Franklin St Property,subject: message-id:re: follow-up – formal demand & statement regarding unresolv,109.9,31/10/2025
EVID-062,250623 - Re_ Follow-up  Formal Demand & Statement Regarding Unresolved Repairs (Unit 1803) - OENqYgufTjCHaYY_uY7gdg@geopod-ismtpd-4.pdf,23/06/2025,Legal Demand,250623 - Re_ Follow-up  Formal Demand & Statement Regarding Unresolved Repairs (,Property Access; Repairs & Maintenance; Water & Leak,Critical,VCAT; Camberwell Rd Property; Property Manager/Areal; Franklin St Property,subject: message-id:re: follow-up – formal demand & statement regarding unresolv,227.2,31/10/2025
EVID-063,250623-medical-documentation.pdf,23/06/2025,Water Damage & Leak,medical-documentation,Repairs & Maintenance; Water & Leak; Rent & Payment,Critical,Franklin St Property,era health,649.1,14/10/2025
EVID-064,250623-medical-expenses.pdf,23/06/2025,Receipt & Payment,medical-expenses,Health & Medical; Rent & Payment,Medium,Tenant/Landlord,1:34% ) om 64],224.7,14/10/2025
EVID-065,"250624 - RDRV - Case RT252398 - 33 Camberwell Rd, Hawthorn East, VIC, 3123 - ME2PR01MB536147C880F7C60872EE3DF6A978A@ME2PR01MB5361.ausprd01.prod.outlook.com.pdf",24/06/2025,Maintenance Request,"250624 - RDRV - Case RT252398 - 33 Camberwell Rd, Hawthorn East, VIC, 3123",Repairs & Maintenance; Water & Leak; Rent & Payment,Critical,VCAT; Camberwell Rd Property; Court/RDRV,"subject: message-id:rdrv - case rt252398 - 33 camberwell rd, hawthorn east, vic,",108.0,31/10/2025
EVID-066,250624 - Re_ Follow-up  Formal Demand & Statement Regarding Unresolved Repairs (Unit 1803) - 0XZYhteuQbOupCJ1ekXLtA@geopod-ismtpd-15.pdf,24/06/2025,Legal Demand,250624 - Re_ Follow-up  Formal Demand & Statement Regarding Unresolved Repairs (,Property Access; Repairs & Maintenance; Water & Leak,Critical,VCAT; Camberwell Rd Property; Property Manager/Areal; Franklin St Property,subject: message-id:re: follow-up – formal demand & statement regarding unresolv,163.8,31/10/2025
EVID-067,250624 - Re_ Follow-up  Formal Demand & Statement Regarding Unresolved Repairs (Unit 1803) - CAAV=8vue+yeVtRzJz1DBxxe68AwzwMvfEkHuk+1bGe4kY3W-qQ@mail.gmail.com.pdf,24/06/2025,Legal Demand,250624 - Re_ Follow-up  Formal Demand & Statement Regarding Unresolved Repairs (,Property Access; Repairs & Maintenance; Water & Leak,Critical,VCAT; Camberwell Rd Property; Franklin St Property; Property Manager/Areal; Court/RDRV,subject: message-id:re: follow-up – formal demand & statement regarding unresolv,171.6,31/10/2025
EVID-068,"250624 - Re_ RDRV - Case RT252398 - 33 Camberwell Rd, Hawthorn East, VIC, 3123 - CAAV=8vuu5LTNJy3nPhkZPkGCdHqdtDGGt7UyF0c8DLN5K1NPvw@mail.gmail.com.pdf",24/06/2025,Maintenance Request,"250624 - Re_ RDRV - Case RT252398 - 33 Camberwell Rd, Hawthorn East, VIC, 3123",Property Access; Repairs & Maintenance; Water & Leak,Critical,VCAT; Camberwell Rd Property; Court/RDRV,"subject: message-id:re: rdrv - case rt252398 - 33 camberwell rd, hawthorn east, ",104.5,31/10/2025
EVID-069,"250624 - Receipt of payment for 1803_243 Franklin Street, Melbourne VIC 3000 - ZJAAxgQMTiCsbiKTAQu1VQ@geopod-ismtpd-12.pdf",24/06/2025,Receipt & Payment,"250624 - Receipt of payment for 1803_243 Franklin Street, Melbourne VIC 3000",Rent & Payment,High,Property Manager/Areal; Franklin St Property,"subject: message-id:receipt of payment for 1803/243 franklin street, melbourne v",77.0,31/10/2025
EVID-070,250624 - Residential Tenancies Dispute Submission for RT252398  CMS_0014253156 - 22C8133778574981AFE79EFBB2AD07EA1DBE471C10EE@CASES.COURTS.VIC.GOV.AU.pdf,24/06/2025,Tenancy Agreement,250624 - Residential Tenancies Dispute Submission for RT252398  CMS_0014253156,Settlement; Legal Action,Critical,VCAT; Camberwell Rd Property; Court/RDRV,subject: message-id:,78.6,31/10/2025
EVID-071,250624 - VCAT RDRV account email verification code - 68599988.050a0220.1a2398.691cSMTPIN_ADDED_BROKEN@mx.google.com.pdf,24/06/2025,Email System,250624 - VCAT RDRV account email verification code,Legal Action; Repairs & Maintenance,Critical,VCAT; Camberwell Rd Property; Court/RDRV,subject: message-id:vcat rdrv account email veriﬁcation codefrom: microsoft on b,46.4,31/10/2025
EVID-072,250624 - You have reached us outside of business hours - k5cNctQzRsqL10qPlUK1Cw@geopod-ismtpd-6.pdf,24/06/2025,Maintenance Request,250624 - You have reached us outside of business hours,Property Access; Repairs & Maintenance; Rent & Payment,High,Property Manager/Areal,"subject: message-id:you have reached us outside of business hoursfrom: ""areal pr",73.0,31/10/2025
EVID-073,250624-24-06-2025 - Applicant 1 - Application.pdf,24/06/2025,Water Damage & Leak,24-06-2025 - Applicant 1,Repairs & Maintenance; Water & Leak; Rent & Payment,High,Camberwell Rd Property; Property Manager/Areal,residential tenancies application,109.1,24/06/2025
EVID-074,250624-Receipt # 90497.pdf,24/06/2025,Receipt & Payment,Receipt # 90497,Rent & Payment,Medium,Camberwell Rd Property; Property Manager/Areal; Franklin St Property,33 camberwell rd,77.9,24/06/2025
EVID-075,"250625 - RDRV - Case RT252398 - 33 Camberwell Rd, Hawthorn East, VIC, 3123 - ME2PR01MB536189A34A8FE813E4ACB5ECA97BA@ME2PR01MB5361.ausprd01.prod.outlook.com.pdf",25/06/2025,Maintenance Request,"250625 - RDRV - Case RT252398 - 33 Camberwell Rd, Hawthorn East, VIC, 3123",Repairs & Maintenance; Water & Leak; Rent & Payment,Critical,VCAT; Camberwell Rd Property; Property Manager/Areal; Court/RDRV,"subject: message-id:rdrv - case rt252398 - 33 camberwell rd, hawthorn east, vic,",107.5,31/10/2025
EVID-076,"250625 - Re_ RDRV - Case RT252398 - 33 Camberwell Rd, Hawthorn East, VIC, 3123 - SY0PR01MB893890379D42200140E924FFD07BA@SY0PR01MB8938.ausprd01.prod.outlook.com.pdf",25/06/2025,Maintenance Request,"250625 - Re_ RDRV - Case RT252398 - 33 Camberwell Rd, Hawthorn East, VIC, 3123",Repairs & Maintenance; Water & Leak; Rent & Payment,Critical,VCAT; Camberwell Rd Property; Property Manager/Areal; Court/RDRV,"subject: message-id:re: rdrv - case rt252398 - 33 camberwell rd, hawthorn east, ",312.3,31/10/2025
EVID-077,"250625 - Re_ RDRV - Case RT252398 - 33 Camberwell Rd, Hawthorn East, VIC, 3123 - SY0PR01MB8938AC30F5A6B1DB2CB9C23CD07BA@SY0PR01MB8938.ausprd01.prod.outlook.com.pdf",25/06/2025,Maintenance Request,"250625 - Re_ RDRV - Case RT252398 - 33 Camberwell Rd, Hawthorn East, VIC, 3123",Repairs & Maintenance; Water & Leak; Rent & Payment,Critical,VCAT; Camberwell Rd Property; Property Manager/Areal; Court/RDRV,"subject: message-id:re: rdrv - case rt252398 - 33 camberwell rd, hawthorn east, ",367.4,31/10/2025
EVID-078,"250626 - Re_ RDRV - Case RT252398 - 33 Camberwell Rd, Hawthorn East, VIC, 3123 - CAAV=8vvTqt9woJ+CiKB66HUYwMLnkKc67-=-UEtEpFWq_NTrGQ@mail.gmail.com.pdf",26/06/2025,Maintenance Request,"250626 - Re_ RDRV - Case RT252398 - 33 Camberwell Rd, Hawthorn East, VIC, 3123",Property Access; Repairs & Maintenance; Water & Leak,Critical,VCAT; Camberwell Rd Property; Property Manager/Areal; Court/RDRV,subject:,344.7,31/10/2025
EVID-079,"250626 - Re_ RDRV - Case RT252398 - 33 Camberwell Rd, Hawthorn East, VIC, 3123 - ME2PR01MB53610532DA8B85B21E797787A97AA@ME2PR01MB5361.ausprd01.prod.outlook.com.pdf",26/06/2025,Maintenance Request,"250626 - Re_ RDRV - Case RT252398 - 33 Camberwell Rd, Hawthorn East, VIC, 3123",Repairs & Maintenance; Water & Leak; Rent & Payment,Critical,VCAT; Camberwell Rd Property; Property Manager/Areal; Court/RDRV,"subject: message-id:re: rdrv - case rt252398 - 33 camberwell rd, hawthorn east, ",344.3,31/10/2025
EVID-080,"250626 - Re_ RDRV - Case RT252398 - 33 Camberwell Rd, Hawthorn East, VIC, 3123 - SY0PR01MB89380B2BE8131492AC463717D07AA@SY0PR01MB8938.ausprd01.prod.outlook.com.pdf",26/06/2025,Water Damage & Leak,"250626 - Re_ RDRV - Case RT252398 - 33 Camberwell Rd, Hawthorn East, VIC, 3123",Property Access; Repairs & Maintenance; Water & Leak,Critical,VCAT; Camberwell Rd Property; Property Manager/Areal; Court/RDRV,"subject: message-id:re: rdrv - case rt252398 - 33 camberwell rd, hawthorn east, ",360.7,31/10/2025
EVID-081,250627 - RDRV Order - RT252398 CMS_0014256123 - 9D3EF12496974851BF5FFFA72AE6F7C41DBE71CA7399@CASES.COURTS.VIC.GOV.AU.pdf,27/06/2025,Court Order,250627 - RDRV Order - RT252398 CMS_0014256123,Legal Action; Repairs & Maintenance,Critical,VCAT; Camberwell Rd Property; Court/RDRV,subject: message-id:,79.5,31/10/2025
EVID-082,"250627 - Re_ RDRV - Case RT252398 - 33 Camberwell Rd, Hawthorn East, VIC, 3123 - SY0PR01MB89382294434912159D0AA05AD045A@SY0PR01MB8938.ausprd01.prod.outlook.com.pdf",27/06/2025,Receipt & Payment,"250627 - Re_ RDRV - Case RT252398 - 33 Camberwell Rd, Hawthorn East, VIC, 3123",Property Access; Repairs & Maintenance; Water & Leak,Critical,VCAT; Camberwell Rd Property; Franklin St Property; Property Manager/Areal; Court/RDRV,"subject: message-id:re: rdrv - case rt252398 - 33 camberwell rd, hawthorn east, ",383.5,31/10/2025
EVID-083,"250627 - Re_ RDRV - Case RT252398 - 33 Camberwell Rd, Hawthorn East, VIC, 3123 - SY0PR01MB8938CA371A0AD3AD989A55DFD045A@SY0PR01MB8938.ausprd01.prod.outlook.com.pdf",27/06/2025,Receipt & Payment,"250627 - Re_ RDRV - Case RT252398 - 33 Camberwell Rd, Hawthorn East, VIC, 3123",Property Access; Repairs & Maintenance; Water & Leak,Critical,VCAT; Camberwell Rd Property; Franklin St Property; Property Manager/Areal; Court/RDRV,subject:,392.9,31/10/2025
EVID-084,"250627 - Re_ RDRV - Case RT252398 - 33 Camberwell Rd, Hawthorn East, VIC, 3123 CMS_0056400069 - 6AB1256270E642C5A082F8D9FAC3A3531DBE71B64B97@CASES.COURTS.VIC.GOV.AU.pdf",27/06/2025,Maintenance Request,"250627 - Re_ RDRV - Case RT252398 - 33 Camberwell Rd, Hawthorn East, VIC, 3123 C",Property Access; Repairs & Maintenance; Water & Leak,Critical,VCAT; Camberwell Rd Property; Property Manager/Areal; Court/RDRV,"subject: message-id:re: rdrv - case rt252398 - 33 camberwell rd, hawthorn east, ",382.6,31/10/2025
EVID-085,250627 - Update to RT252398 CMS_0014256122 - D8E3DC7A6635494789FE3C7E564BB8401DBE71CA6C3A@CASES.COURTS.VIC.GOV.AU.pdf,27/06/2025,Tenancy Agreement,250627 - Update to RT252398 CMS_0014256122,Legal Action,Critical,VCAT; Camberwell Rd Property; Court/RDRV,subject: message-id:,69.7,31/10/2025
EVID-086,250627 - VCAT RDRV account email verification code - 685e4c8d.050a0220.170fea.e557SMTPIN_ADDED_BROKEN@mx.google.com.pdf,27/06/2025,Email System,250627 - VCAT RDRV account email verification code,Legal Action; Repairs & Maintenance,Critical,VCAT; Court/RDRV,subject: message-id:vcat rdrv account email veriﬁcation codefrom: microsoft on b,46.8,31/10/2025
EVID-087,250627-27-06-2025 - Strike out - Consent order - Order f058873a.pdf,27/06/2025,Court Order,27-06-2025 - Strike out - Consent order,Rent & Payment; Settlement; Legal Action,Critical,Camberwell Rd Property; Property Manager/Areal,order,129.5,27/06/2025
EVID-088,250627-AusPost lodgement.pdf,27/06/2025,Administrative,AusPost lodgement,General,Medium,Tenant/Landlord,,103.5,27/06/2025
EVID-089,250627-Notice of entry 7 July 2025.pdf,27/06/2025,Water Damage & Leak,Notice of entry 7 July 2025,Water & Leak; Rent & Payment; Property Access,High,Camberwell Rd Property; Property Manager/Areal; Franklin St Property,notice to renter,9.4,27/06/2025
EVID-090,250627-Notice of entry 8 July 2025.pdf,27/06/2025,Water Damage & Leak,Notice of entry 8 July 2025,Water & Leak; Rent & Payment; Repairs & Maintenance,High,Camberwell Rd Property; Property Manager/Areal; Franklin St Property,notice to renter,9.4,27/06/2025
EVID-091,250627-Notice of entry 9 July 2025.pdf,27/06/2025,Water Damage & Leak,Notice of entry 9 July 2025,Water & Leak; Rent & Payment; Repairs & Maintenance,High,Camberwell Rd Property; Property Manager/Areal; Franklin St Property,notice to renter,9.4,27/06/2025
EVID-092,250627-Notice of entry lable.pdf,27/06/2025,Notice of Entry,Notice of entry lable,General,High,Tenant/Landlord,,135.2,27/06/2025
EVID-093,250627-tax invoice.pdf,27/06/2025,Receipt & Payment,tax invoice,Rent & Payment; Property Access; Repairs & Maintenance,High,Camberwell Rd Property; Franklin St Property,tax invoiceabn: 65 649 347 115 l acn: 649,49.1,27/06/2025
EVID-094,250701 - Areal monthly after-hours trades list update - gSL8Bh6nTMulPWEuc15cZQ@geopod-ismtpd-4.pdf,01/07/2025,Water Damage & Leak,250701 - Areal monthly after-hours trades list update,Water & Leak; Rent & Payment; Property Access,High,Property Manager/Areal,"subject: message-id:areal monthly after-hours trades list updatefrom: ""sylvia ha",78.4,31/10/2025
EVID-095,250701 - Areal monthly after-hours trades list update - xJ4RkcCoTSqqA5rfhGBuNQ@geopod-ismtpd-11.pdf,01/07/2025,Water Damage & Leak,250701 - Areal monthly after-hours trades list update,Water & Leak; Rent & Payment; Property Access,High,Property Manager/Areal,"subject: message-id:areal monthly after-hours trades list updatefrom: ""sylvia ha",78.5,31/10/2025
EVID-096,"250701 - Re_ RDRV - Case RT252398 - 33 Camberwell Rd, Hawthorn East, VIC, 3123 - CAAV=8vtEscj+pX9-tdyyE81OLDsLOFKR=oZ3KZj8RX+G47sjSA@mail.gmail.com.pdf",01/07/2025,Receipt & Payment,"250701 - Re_ RDRV - Case RT252398 - 33 Camberwell Rd, Hawthorn East, VIC, 3123",Property Access; Repairs & Maintenance; Water & Leak,Critical,VCAT; Camberwell Rd Property; Franklin St Property; Property Manager/Areal; Court/RDRV,subject:,409.8,31/10/2025
EVID-097,"250701 - Re_ RDRV - Case RT252398 - 33 Camberwell Rd, Hawthorn East, VIC, 3123 - SY0PR01MB8938454405B975890A3599F5D041A@SY0PR01MB8938.ausprd01.prod.outlook.com.pdf",01/07/2025,Receipt & Payment,"250701 - Re_ RDRV - Case RT252398 - 33 Camberwell Rd, Hawthorn East, VIC, 3123",Property Access; Repairs & Maintenance; Water & Leak,Critical,VCAT; Camberwell Rd Property; Franklin St Property; Property Manager/Areal; Court/RDRV,"subject: message-id:re: rdrv - case rt252398 - 33 camberwell rd, hawthorn east, ",415.6,31/10/2025
EVID-098,"250701 - Re_ RDRV - Case RT252398 - 33 Camberwell Rd, Hawthorn East, VIC, 3123 - SY0PR01MB8938FA1673F305E1BE93D7D7D041A@SY0PR01MB8938.ausprd01.prod.outlook.com.pdf",01/07/2025,Receipt & Payment,"250701 - Re_ RDRV - Case RT252398 - 33 Camberwell Rd, Hawthorn East, VIC, 3123",Property Access; Repairs & Maintenance; Water & Leak,Critical,VCAT; Camberwell Rd Property; Franklin St Property; Property Manager/Areal; Court/RDRV,subject:,434.6,31/10/2025
EVID-099,250701-Exhibit_A_20250616_0437.pdf,01/07/2025,Wall & Carpet Damage,Exhibit_A_20250616_0437,Property Access; Repairs & Maintenance; Water & Leak,High,Camberwell Rd Property; Property Manager/Areal; Franklin St Property,from:chawakorn kamnuansilck.chawakorn@gmail.comsubject:re: follow-up – formal de,77.3,01/07/2025
EVID-100,250701-Exhibit_B_20250616_1152.pdf,01/07/2025,Wall & Carpet Damage,Exhibit_B_20250616_1152,Water & Leak; Rent & Payment; Evidence,High,Camberwell Rd Property; Property Manager/Areal; Franklin St Property,from:sylvia hao - areal property hawthorn (mpm)mpm@email.propertyme.comsubject:r,91.5,01/07/2025
EVID-101,250701-Exhibit_C_20250623_1505.pdf,01/07/2025,Legal Demand,Exhibit_C_20250623_1505,Rent & Payment; Property Access; Evidence,High,Camberwell Rd Property; Property Manager/Areal; Franklin St Property,from:johnson tan - areal property hawthorn (mpm)mpm@email.propertyme.comsubject:,109.6,01/07/2025
EVID-102,250701-Exhibit_D_20250627_1509.pdf,01/07/2025,Receipt & Payment,Exhibit_D_20250627_1509,Property Access; Repairs & Maintenance; Water & Leak,High,Camberwell Rd Property; Property Manager/Areal; Franklin St Property,chawakorn kamnuansil <ck.chawakorn@gmail.com>,441.8,01/07/2025
EVID-103,250701-NTE 10-07.pdf,01/07/2025,Water Damage & Leak,NTE 10-07,Water & Leak; Rent & Payment; Repairs & Maintenance,High,Camberwell Rd Property; Property Manager/Areal; Franklin St Property,notice to renter,10.2,01/07/2025
EVID-104,250701-NTE 11-07.pdf,01/07/2025,Water Damage & Leak,NTE 11-07,Water & Leak; Rent & Payment; Repairs & Maintenance,High,Camberwell Rd Property; Property Manager/Areal; Franklin St Property,notice to renter,10.2,01/07/2025
EVID-105,250701-NTE 14-07.pdf,01/07/2025,Water Damage & Leak,NTE 14-07,Water & Leak; Rent & Payment; Repairs & Maintenance,High,Camberwell Rd Property; Property Manager/Areal; Franklin St Property,notice to renter,10.2,01/07/2025
EVID-106,250701-NTE 15-07.pdf,01/07/2025,Water Damage & Leak,NTE 15-07,Water & Leak; Rent & Payment; Repairs & Maintenance,High,Camberwell Rd Property; Property Manager/Areal; Franklin St Property,notice to renter,10.2,01/07/2025
EVID-107,250701-Reg Post Lodgement Slips.pdf,01/07/2025,Administrative,Reg Post Lodgement Slips,General,Medium,Tenant/Landlord,,127.5,01/07/2025
EVID-108,250701-Reg Post Sender Slips.pdf,01/07/2025,Administrative,Reg Post Sender Slips,General,Medium,Tenant/Landlord,,169.7,01/07/2025
EVID-109,"250703 - Re_ RDRV - Case RT252398 - 33 Camberwell Rd, Hawthorn East, VIC, 3123 - CAAV=8vvKKQ_x4FZWt2UF+cNNw_i-XwMNOZ_UV8TbgiqmHKNLnQ@mail.gmail.com.pdf",03/07/2025,Receipt & Payment,"250703 - Re_ RDRV - Case RT252398 - 33 Camberwell Rd, Hawthorn East, VIC, 3123",Rent & Payment; Legal Action,Critical,VCAT; Camberwell Rd Property; Franklin St Property; Property Manager/Areal; Court/RDRV,"subject: message-id:re: rdrv - case rt252398 - 33 camberwell rd, hawthorn east, ",46.3,31/10/2025
EVID-110,250703 - You have reached us outside of business hours - RsSCmNZcR66ZUikR7ELrmg@geopod-ismtpd-3.pdf,03/07/2025,Maintenance Request,250703 - You have reached us outside of business hours,Health & Medical; Rent & Payment; Property Access,High,Property Manager/Areal,"subject: message-id:you have reached us outside of business hoursfrom: ""areal pr",73.0,31/10/2025
EVID-111,"250704 - Re_ RDRV - Case RT252398 - 33 Camberwell Rd, Hawthorn East, VIC, 3123 - 5m7PnjqaSFSHO6OsrY20JQ@geopod-ismtpd-9.pdf",04/07/2025,Receipt & Payment,"250704 - Re_ RDRV - Case RT252398 - 33 Camberwell Rd, Hawthorn East, VIC, 3123",Property Access; Repairs & Maintenance; Water & Leak,Critical,VCAT; Camberwell Rd Property; Franklin St Property; Property Manager/Areal; Court/RDRV,"subject: message-id:re: rdrv - case rt252398 - 33 camberwell rd, hawthorn east, ",102.1,31/10/2025
EVID-112,"250704 - Re_ RDRV - Case RT252398 - 33 Camberwell Rd, Hawthorn East, VIC, 3123 - CAAV=8vsuH4ugfx=+-gEFfAMNdnroimuOW7iPQ7anxzjP-1hO=Q@mail.gmail.com.pdf",04/07/2025,Receipt & Payment,"250704 - Re_ RDRV - Case RT252398 - 33 Camberwell Rd, Hawthorn East, VIC, 3123",Property Access; Repairs & Maintenance; Water & Leak,Critical,VCAT; Camberwell Rd Property; Franklin St Property; Property Manager/Areal; Court/RDRV,"subject: message-id:re: rdrv - case rt252398 - 33 camberwell rd, hawthorn east, ",95.5,31/10/2025
EVID-113,"250704 - Re_ RDRV - Case RT252398 - 33 Camberwell Rd, Hawthorn East, VIC, 3123 - CAAV=8vvt8hWm1o45QGHR7yPT6RUHap1hHodqNLhMiB+i1qH+kA@mail.gmail.com.pdf",04/07/2025,Receipt & Payment,"250704 - Re_ RDRV - Case RT252398 - 33 Camberwell Rd, Hawthorn East, VIC, 3123",Property Access; Repairs & Maintenance; Water & Leak,Critical,VCAT; Camberwell Rd Property; Franklin St Property; Property Manager/Areal; Court/RDRV,"subject: message-id:re: rdrv - case rt252398 - 33 camberwell rd, hawthorn east, ",101.3,31/10/2025
EVID-114,250704 - You have reached us outside of business hours - HB_2sHe0TJm17bsMBrHGWQ@geopod-ismtpd-17.pdf,04/07/2025,Maintenance Request,250704 - You have reached us outside of business hours,Health & Medical; Rent & Payment; Property Access,High,Property Manager/Areal,"subject: message-id:you have reached us outside of business hoursfrom: ""areal pr",73.6,31/10/2025
EVID-115,250704-Public Liability.pdf,04/07/2025,Receipt & Payment,Public Liability,Health & Medical; Rent & Payment,Medium,Tenant/Landlord,public & products liability insurance,75.6,04/07/2025
EVID-116,"250707 - Re_ RDRV - Case RT252398 - 33 Camberwell Rd, Hawthorn East, VIC, 3123 - SY0PR01MB8938D6189AFC2FE2A3722E9AD04FA@SY0PR01MB8938.ausprd01.prod.outlook.com.pdf",07/07/2025,Receipt & Payment,"250707 - Re_ RDRV - Case RT252398 - 33 Camberwell Rd, Hawthorn East, VIC, 3123",Property Access; Repairs & Maintenance; Water & Leak,Critical,VCAT; Camberwell Rd Property; Franklin St Property; Property Manager/Areal; Court/RDRV,"subject: message-id:re: rdrv - case rt252398 - 33 camberwell rd, hawthorn east, ",330.6,31/10/2025
EVID-117,"250709 - Re_ RDRV - Case RT252398 - 33 Camberwell Rd, Hawthorn East, VIC, 3123 - SY8PR01MB89487B70BA6658C1132F2DC8D049A@SY8PR01MB8948.ausprd01.prod.outlook.com.pdf",09/07/2025,Receipt & Payment,"250709 - Re_ RDRV - Case RT252398 - 33 Camberwell Rd, Hawthorn East, VIC, 3123",Property Access; Repairs & Maintenance; Water & Leak,Critical,VCAT; Camberwell Rd Property; Franklin St Property; Property Manager/Areal; Court/RDRV,"subject: message-id:re: rdrv - case rt252398 - 33 camberwell rd, hawthorn east, ",339.1,31/10/2025
EVID-118,"250711 - Notice to vacate - 1803_243 Franklin Street, Melbourne VIC 3000 - LC0sl9DITRqJVpDrvRiu2Q@geopod-ismtpd-8.pdf",11/07/2025,Receipt & Payment,"250711 - Notice to vacate - 1803_243 Franklin Street, Melbourne VIC 3000",Tenancy Termination; Rent & Payment; Property Access,High,Property Manager/Areal; Franklin St Property,"subject: message-id:notice to vacate - 1803/243 franklin street, melbourne vic 3",81.6,31/10/2025
EVID-119,"250711 - Re_ RDRV - Case RT252398 - 33 Camberwell Rd, Hawthorn East, VIC, 3123 - CAAV=8vseTMoCJbtNE2V0o+Ke=zLWdevsrJriCiD=ZeCeozMsnA@mail.gmail.com.pdf",11/07/2025,Wall & Carpet Damage,"250711 - Re_ RDRV - Case RT252398 - 33 Camberwell Rd, Hawthorn East, VIC, 3123",Legal Action; Repairs & Maintenance,Critical,VCAT; Camberwell Rd Property; Franklin St Property; Property Manager/Areal; Court/RDRV,subject:,637.5,31/10/2025
EVID-120,"250711 - Vacating instructions - 1803_243 Franklin Street, Melbourne VIC 3000 - YUZNhpYcT8uJiUuwW877SQ@geopod-ismtpd-4.pdf",11/07/2025,Receipt & Payment,"250711 - Vacating instructions - 1803_243 Franklin Street, Melbourne VIC 3000",Tenancy Termination; Property Access; Repairs & Maintenance,High,Camberwell Rd Property; Property Manager/Areal; Franklin St Property,"subject: message-id:vacating instructions - 1803/243 franklin street, melbourne ",83.8,31/10/2025
EVID-121,250711-Message Thread Franklin Stpdf.pdf,11/07/2025,Wall & Carpet Damage,Message Thread Franklin Stpdf,Water & Leak; Rent & Payment; Evidence,High,Camberwell Rd Property; Property Manager/Areal; Franklin St Property,33 camberwell rd,101.8,11/07/2025
EVID-122,250711-Move out guide & tips to get your bond back.pdf,11/07/2025,Wall & Carpet Damage,Move out guide & tips to get your bond back,Tenancy Termination; Repairs & Maintenance; Water & Leak,High,Camberwell Rd Property,move -out guide,198.7,31/10/2025
EVID-123,250711-NOTICE TO VACATE U1803 243 FRANKLIN ST.pdf,11/07/2025,Receipt & Payment,NOTICE TO VACATE U1803 243 FRANKLIN ST,Tenancy Termination; Property Access; Repairs & Maintenance,Critical,VCAT; Camberwell Rd Property; Property Manager/Areal; Franklin St Property,residential tenancies act 1997,17.2,11/07/2025
EVID-124,250711-Vacate Cleaning Guide.pdf,11/07/2025,Wall & Carpet Damage,Vacate Cleaning Guide,Tenancy Termination,High,Tenant/Landlord,vacate cleaning guide,137.3,31/10/2025
EVID-125,250711-sylvia-to-podjana-move-out-guide.pdf,11/07/2025,Wall & Carpet Damage,sylvia-to-podjana-move-out-guide,Tenancy Termination; Repairs & Maintenance; Water & Leak,High,Camberwell Rd Property,move-out guide,88.2,14/10/2025
EVID-126,250711-sylvia-to-podjana-notice-to-vacate.pdf,11/07/2025,Receipt & Payment,sylvia-to-podjana-notice-to-vacate,Tenancy Termination; Property Access; Repairs & Maintenance,Critical,VCAT; Camberwell Rd Property; Property Manager/Areal; Franklin St Property,residential tenancies act 1997,44.2,14/10/2025
EVID-127,250711-sylvia-to-podjana-vacate-cleaning-guide.pdf,11/07/2025,Wall & Carpet Damage,sylvia-to-podjana-vacate-cleaning-guide,Tenancy Termination,High,Tenant/Landlord,vacate cleaning guide,97.0,14/10/2025
EVID-128,250711-sylvia-to-podjana-vacating.pdf,11/07/2025,Receipt & Payment,sylvia-to-podjana-vacating,Tenancy Termination; Rent & Payment; Property Access,High,Camberwell Rd Property; Property Manager/Areal; Franklin St Property,bb m <bewty980219@gmail.com>,108.4,14/10/2025
EVID-129,250714 - VCAT Application R202518214_00  Challenge to Notice to Vacate - CAAV=8vtAn--H5Sf-Oz0_-VY=XyMrK-4ysX7wEa_4SvsU0F7VxA@mail.gmail.com.pdf,14/07/2025,VCAT Application,250714 - VCAT Application R202518214_00  Challenge to Notice to Vacate,Tenancy Termination; Rent & Payment; Legal Action,Critical,VCAT; Property Manager/Areal; Franklin St Property,subject: message-id:vcat application r202518214/00 – challenge to notice to vaca,64.2,31/10/2025
EVID-130,250714 - VCAT RDRV account email verification code - 6873ef03.050a0220.869ff.fc65SMTPIN_ADDED_BROKEN@mx.google.com.pdf,14/07/2025,Email System,250714 - VCAT RDRV account email verification code,Legal Action; Repairs & Maintenance,Critical,VCAT; Court/RDRV,subject: message-id:vcat rdrv account email veriﬁcation codefrom: microsoft on b,46.2,31/10/2025
EVID-131,250714 - VCAT Residential Tenancies Hub - Please confirm your registration - 10561684.1141752435296565.JavaMail.SVC-VCAT-GuardianPrd@P03464.pdf,14/07/2025,Receipt & Payment,250714 - VCAT Residential Tenancies Hub - Please confirm your registration,Rent & Payment; Legal Action,Critical,VCAT,subject: message-id:vcat residential tenancies hub - please conﬁrm your registra,55.1,31/10/2025
EVID-132,"250714 - VCAT has opened a case R202518214_00 about  243 Franklin St, Unit1803, MELBOURNE, VIC, 3000 - 2146321657.11649.1752478440219@P03465.dojvic.justice.vic.gov.au.pdf",14/07/2025,Notice to Vacate,"250714 - VCAT has opened a case R202518214_00 about  243 Franklin St, Unit1803, ",Tenancy Termination; Rent & Payment; Legal Action,Critical,VCAT; Property Manager/Areal; Franklin St Property,subject: message-id:,184.7,31/10/2025
EVID-133,250714 - You have reached us outside of business hours - eQKE-KQ_TvmrGJFqNerSVQ@geopod-ismtpd-15.pdf,14/07/2025,Maintenance Request,250714 - You have reached us outside of business hours,Health & Medical; Rent & Payment; Property Access,High,Property Manager/Areal,"subject: message-id:you have reached us outside of business hoursfrom: ""areal pr",72.9,31/10/2025
EVID-134,250714-VCAT Application R202518214-00 – Notice to Vacate Challenge.pdf,14/07/2025,Receipt & Payment,VCAT Application R202518214-00 – Notice to Vacate Challenge,Tenancy Termination; Repairs & Maintenance; Water & Leak,Critical,VCAT; Camberwell Rd Property; Property Manager/Areal; Franklin St Property,application by a renter to the,66.9,14/07/2025
EVID-135,250714-vcat-application-fee.pdf,14/07/2025,Receipt & Payment,vcat-application-fee,Rent & Payment; Legal Action,Critical,VCAT,vcat  melbourne  au card xx8837  value  date:,134.7,14/10/2025
EVID-136,250715 - Automated response - VCAT Residential Tenancies - d8e33454ee1a42b28fe50b7978250c41@SYAPR01MB2544.ausprd01.prod.outlook.com.pdf,15/07/2025,Receipt & Payment,250715 - Automated response - VCAT Residential Tenancies,Rent & Payment; Property Access; Legal Action,Critical,VCAT; Camberwell Rd Property,"subject: message-id:automated response - vcat residential tenanciesfrom: ""csv-vc",84.7,31/10/2025
EVID-137,250715 - Automated response - VCAT Residential Tenancies - dd618c0bf0df4ab490c20715c4e35776@SYAPR01MB2544.ausprd01.prod.outlook.com.pdf,15/07/2025,Maintenance Request,250715 - Automated response - VCAT Residential Tenancies,Rent & Payment; Property Access; Legal Action,Critical,VCAT,"subject: message-id:automated response - vcat residential tenanciesfrom: ""csv-vc",85.1,31/10/2025
EVID-138,250715 - Fwd_ VCAT Application R202518214_00  Challenge to Notice to Vacate - CAAV=8vvztDLWS+Bg=Es0fJttbtsjFREbC4GQ=NJk7sYiPMRMtA@mail.gmail.com.pdf,15/07/2025,VCAT Application,250715 - Fwd_ VCAT Application R202518214_00  Challenge to Notice to Vacate,Tenancy Termination; Rent & Payment; Legal Action,Critical,VCAT; Property Manager/Areal; Franklin St Property,subject: message-id:fwd: vcat application r202518214/00 – challenge to notice to,66.5,31/10/2025
EVID-139,250715 - Re_ Your VCAT application_ more information needed- VCAT reference_ R202518214 - CAAV=8vt7RDekoOznVjEh_HSrTmBXTUsJU9h9YJV4gGeRvYBqBg@mail.gmail.com.pdf,15/07/2025,VCAT Application,250715 - Re_ Your VCAT application_ more information needed- VCAT reference_ R20,Tenancy Termination; Repairs & Maintenance; Water & Leak,Critical,VCAT; Franklin St Property,subject: message-id:re: your vcat application: more information needed- vcat ref,102.0,31/10/2025
EVID-140,250715 - VCAT RDRV account email verification code - 68752515.050a0220.3bf39c.b438SMTPIN_ADDED_BROKEN@mx.google.com.pdf,15/07/2025,Email System,250715 - VCAT RDRV account email verification code,Legal Action; Repairs & Maintenance,Critical,VCAT; Camberwell Rd Property; Court/RDRV,subject: message-id:vcat rdrv account email veriﬁcation codefrom: microsoft on b,45.9,31/10/2025
EVID-141,250715 - Your VCAT application_ more information needed- VCAT reference_ R202518214 - SYAPR01MB2544CA2C902FB8B99013A09EA357A@SYAPR01MB2544.ausprd01.prod.outlook.com.pdf,15/07/2025,Notice to Vacate,250715 - Your VCAT application_ more information needed- VCAT reference_ R202518,Water & Leak; Tenancy Termination; Rent & Payment,Critical,VCAT; Franklin St Property,subject: message-id:your vcat application: more information needed- vcat referen,91.6,31/10/2025
EVID-142,250715-VCAT Application R202518214_00 – Notice to Vacate Challenge.pdf,15/07/2025,Receipt & Payment,VCAT Application R202518214_00 – Notice to Vacate Challenge,Tenancy Termination; Repairs & Maintenance; Water & Leak,Critical,VCAT; Camberwell Rd Property; Property Manager/Areal; Franklin St Property,application by a renter to the,66.9,15/07/2025
EVID-143,250717 - VCAT RDRV account email verification code - 6878e59e.050a0220.24d944.5720SMTPIN_ADDED_BROKEN@mx.google.com.pdf,17/07/2025,Email System,250717 - VCAT RDRV account email verification code,Legal Action; Repairs & Maintenance,Critical,VCAT; Court/RDRV,subject: message-id:vcat rdrv account email veriﬁcation codefrom: microsoft on b,48.0,31/10/2025
EVID-144,250721 - VCAT Application  Possession of Property (Ref_ R202518589_00) - hIoXF-zUSZKlbr8YXGcelg@geopod-ismtpd-3.pdf,21/07/2025,Notice to Vacate,250721 - VCAT Application  Possession of Property (Ref_ R202518589_00),Tenancy Termination; Rent & Payment; Legal Action,Critical,VCAT; Camberwell Rd Property; Property Manager/Areal; Franklin St Property,subject: message-id:vcat application – possession of property (ref: r202518589/0,111.6,31/10/2025
EVID-145,"250721 - VCAT has opened a case R202518589_00 about  1803_243 Franklin Street, MELBOURNE, VIC, 3000 - 856780728.23503.1753079881062@P03465.dojvic.justice.vic.gov.au.pdf",21/07/2025,Wall & Carpet Damage,"250721 - VCAT has opened a case R202518589_00 about  1803_243 Franklin Street, M",Rent & Payment; Legal Action,Critical,VCAT; Franklin St Property,subject: message-id:,185.4,31/10/2025
EVID-146,250721-VCAT APPLICATION - POSSESSION.pdf,21/07/2025,Receipt & Payment,VCAT APPLICATION,Rent & Payment; Property Access; Legal Action,Critical,VCAT; Camberwell Rd Property; Property Manager/Areal; Franklin St Property,application by a residential rental provider to,12.7,21/07/2025
EVID-147,"250722 - Hearing scheduled for R202518589_00 1803_243 Franklin Street, MELBOURNE, VIC, 3000 - 1299007298.765.1753163281348@P03465.dojvic.justice.vic.gov.au.pdf",22/07/2025,Receipt & Payment,"250722 - Hearing scheduled for R202518589_00 1803_243 Franklin Street, MELBOURNE",Rent & Payment; Property Access; Legal Action,Critical,VCAT; Franklin St Property,subject: message-id:,191.5,31/10/2025
EVID-148,250722 - Re_ VCAT Application R202518214_00  Challenge to Notice to Vacate - G7typ2VnQfuqdtQgM6bQWQ@geopod-ismtpd-14.pdf,22/07/2025,VCAT Application,250722 - Re_ VCAT Application R202518214_00  Challenge to Notice to Vacate,Tenancy Termination; Rent & Payment; Legal Action,Critical,VCAT; Camberwell Rd Property; Property Manager/Areal; Franklin St Property,subject: message-id:re: vcat application r202518214/00 – challenge to notice to ,114.8,31/10/2025
EVID-149,"250722 - VCAT order made about R202518214_00 243 Franklin St, Unit1803, MELBOURNE, VIC, 3000 - 1206100674.24049.1753137910788@P03465.dojvic.justice.vic.gov.au.pdf",22/07/2025,VCAT Order,"250722 - VCAT order made about R202518214_00 243 Franklin St, Unit1803, MELBOURN",Rent & Payment; Property Access; Legal Action,Critical,VCAT; Franklin St Property,subject: message-id:,132.5,31/10/2025
EVID-150,250722-order_194615752283.pdf,22/07/2025,Receipt & Payment,order_194615752283,Tenancy Termination; Rent & Payment; Legal Action,Critical,VCAT; Camberwell Rd Property; Property Manager/Areal; Franklin St Property,order ref no: r2025/18214/00,18.6,22/07/2025
EVID-151,250723 - VCAT RDRV account email verification code - 68807ed3.250a0220.217caa.9cd6SMTPIN_ADDED_BROKEN@mx.google.com.pdf,23/07/2025,Email System,250723 - VCAT RDRV account email verification code,Legal Action; Repairs & Maintenance,Critical,VCAT; Court/RDRV,subject: message-id:vcat rdrv account email veriﬁcation codefrom: microsoft on b,48.7,31/10/2025
EVID-152,250723 - VCAT RDRV account email verification code - 68807ed3.250a0220.27fbf3.6f8dSMTPIN_ADDED_BROKEN@mx.google.com.pdf,23/07/2025,Email System,250723 - VCAT RDRV account email verification code,Legal Action; Repairs & Maintenance,Critical,VCAT; Court/RDRV,subject: message-id:vcat rdrv account email veriﬁcation codefrom: microsoft on b,48.0,31/10/2025
EVID-153,250723 - VCAT RDRV account email verification code - 68807ee7.050a0220.1c346d.5772SMTPIN_ADDED_BROKEN@mx.google.com.pdf,23/07/2025,Email System,250723 - VCAT RDRV account email verification code,Legal Action; Repairs & Maintenance,Critical,VCAT; Court/RDRV,subject: message-id:vcat rdrv account email veriﬁcation codefrom: microsoft on b,47.7,31/10/2025
EVID-154,"250723 - VCAT order made about R202518589_00 1803_243 Franklin Street, MELBOURNE, VIC, 3000 - 1156002951.2709.1753224327078@P03465.dojvic.justice.vic.gov.au.pdf",23/07/2025,VCAT Order,"250723 - VCAT order made about R202518589_00 1803_243 Franklin Street, MELBOURNE",Rent & Payment; Property Access; Legal Action,Critical,VCAT; Franklin St Property,subject: message-id:,133.9,31/10/2025
EVID-155,"250724 - VCAT evidence link R202518589 about 1803_243 Franklin Street, MELBOURNE, VIC, 3000 - SY7PR01MB83498DDC1220D44EBAA28BC28C5FA@SY7PR01MB8349.ausprd01.prod.outlook.com.pdf",24/07/2025,VCAT Application,"250724 - VCAT evidence link R202518589 about 1803_243 Franklin Street, MELBOURNE",Rent & Payment; Legal Action,Critical,VCAT; Franklin St Property,subject: message-id:vcat evidence link r202518589 about 1803/243 franklin street,109.7,31/10/2025
EVID-156,"250725 - Receipt of payment for 1803_243 Franklin Street, Melbourne VIC 3000 - aDfCZq7LRBeV4zXEbE4NWg@geopod-ismtpd-2.pdf",25/07/2025,Receipt & Payment,"250725 - Receipt of payment for 1803_243 Franklin Street, Melbourne VIC 3000",Rent & Payment,High,Property Manager/Areal; Franklin St Property,"subject: message-id:receipt of payment for 1803/243 franklin street, melbourne v",76.9,31/10/2025
EVID-157,250725-Receipt # 91716.pdf,25/07/2025,Receipt & Payment,Receipt # 91716,Rent & Payment,Medium,Camberwell Rd Property; Property Manager/Areal; Franklin St Property,33 camberwell rd,78.1,25/07/2025
EVID-158,250801 - Areal monthly after-hours trades list update - XHMDU5k9R_KzLk9rNyLXtg@geopod-ismtpd-16.pdf,01/08/2025,Water Damage & Leak,250801 - Areal monthly after-hours trades list update,Water & Leak; Rent & Payment; Property Access,High,Property Manager/Areal,"subject: message-id:areal monthly after-hours trades list updatefrom: ""sylvia ha",78.2,31/10/2025
EVID-159,"250808 - Hearing reminder for 1803_243 Franklin Street, MELBOURNE, VIC, 3000 R202518589_00 - 563040061.20417.1754658014190@P03465.dojvic.justice.vic.gov.au.pdf",08/08/2025,Receipt & Payment,"250808 - Hearing reminder for 1803_243 Franklin Street, MELBOURNE, VIC, 3000 R20",Rent & Payment; Property Access; Legal Action,Critical,VCAT; Camberwell Rd Property; Franklin St Property,subject: message-id:,181.2,31/10/2025
EVID-160,250812 - R202518589_00 - Summary of Proof - SYBPR01MB59524649299D4C2B91833C1DD12BA@SYBPR01MB5952.ausprd01.prod.outlook.com.pdf,12/08/2025,Receipt & Payment,250812 - R202518589_00 - Summary of Proof,Rent & Payment; Legal Action; Evidence,Critical,VCAT; Camberwell Rd Property; Property Manager/Areal,subject: message-id:r202518589/00 - summary of prooffrom: shaun young <shaun.you,269.7,31/10/2025
EVID-161,250812 - Re_ R202518589_00 - Summary of Proof - CAAV=8vu9RA730o2oDbP80ugPsDbbF3CEUxc0v4uC6SRiQuJomw@mail.gmail.com.pdf,12/08/2025,Wall & Carpet Damage,250812 - Re_ R202518589_00 - Summary of Proof,Legal Action; Evidence,Critical,VCAT; Camberwell Rd Property; Property Manager/Areal,subject:,259.4,31/10/2025
EVID-162,250812-VCAT R202518589.00 Summary of proof.pdf,12/08/2025,Water Damage & Leak,VCAT R202518589.00 Summary of proof,Tenancy Termination; Property Access; Repairs & Maintenance,Critical,VCAT; Property Manager/Areal; Court/RDRV,summary of proofs – r202518589/00,1753.4,12/08/2025
EVID-163,"250815 - VCAT order made about R202518589_00 1803_243 Franklin Street, MELBOURNE, VIC, 3000 - 231605517.30985.1755211520747@P03465.dojvic.justice.vic.gov.au.pdf",15/08/2025,VCAT Order,"250815 - VCAT order made about R202518589_00 1803_243 Franklin Street, MELBOURNE",Rent & Payment; Property Access; Legal Action,Critical,VCAT; Franklin St Property,subject: message-id:,133.8,31/10/2025
EVID-164,250817 -  Without Prejudice  Franklin 1803_ Settlement Terms (VCAT R2025_18589_00) - CAAV=8vudaEJRTaAbGUkPp40NVe4bniaN-Kvh54vdfN5bhb1wxQ@mail.gmail.com.pdf,17/08/2025,Receipt & Payment,250817 -  Without Prejudice  Franklin 1803_ Settlement Terms (VCAT R2025_18589_0,Tenancy Termination; Repairs & Maintenance; Rent & Payment,Critical,VCAT; Property Manager/Areal; Franklin St Property,subject:,535.5,31/10/2025
EVID-165,"250817-Notice to vacate - 1803-243 Franklin Street, Melbourne VIC 3000.pdf",17/08/2025,Receipt & Payment,Notice to vacate,Tenancy Termination; Rent & Payment; Property Access,High,Property Manager/Areal; Franklin St Property,chawakorn kamnuansil <ck.chawakorn@gmail.com>notice to vacate - 1803/243 frankli,105.4,17/08/2025
EVID-166,250817-order_194930558979.pdf (SECURED).pdf,17/08/2025,Receipt & Payment,order_194930558979.pdf (SECURED),Tenancy Termination; Rent & Payment; Legal Action,Critical,VCAT; Camberwell Rd Property; Franklin St Property,orderref no: r2025/18589/00victorian civil and administrative tribunalresidentia,73.0,17/08/2025
EVID-167,250819 - Re_ Without Prejudice  Franklin 1803_ Settlement Terms (VCAT R2025_18589_00) - SYAPR01MB25435B810DEA9ECDB8A81735D630A@SYAPR01MB2543.ausprd01.prod.outlook.com.pdf,19/08/2025,Receipt & Payment,250819 - Re_ Without Prejudice  Franklin 1803_ Settlement Terms (VCAT R2025_1858,Tenancy Termination; Property Access; Repairs & Maintenance,Critical,VCAT; Camberwell Rd Property; Property Manager/Areal; Franklin St Property,subject: message-id:re: without prejudice — franklin 1803: settlement terms (vca,244.7,31/10/2025
EVID-168,"250822 - 1803_243 Franklin Street, Melbourne VIC 3000 - Notice of Entry - SYBPR01MB59527B27EBCB0DEE0B4668B2D13DA@SYBPR01MB5952.ausprd01.prod.outlook.com.pdf",22/08/2025,Receipt & Payment,"250822 - 1803_243 Franklin Street, Melbourne VIC 3000 - Notice of Entry",Water & Leak; Rent & Payment; Property Access,High,Camberwell Rd Property; Property Manager/Areal; Franklin St Property,subject:,258.7,31/10/2025
EVID-169,250822-FIXD investigation report.pdf,22/08/2025,Water Damage & Leak,FIXD investigation report,Water & Leak; Evidence; Legal Action,Critical,Franklin St Property,"flood restoration australia (vic) pty ltd head office | 19 venture way, braeside",1483.4,22/08/2025
EVID-170,250822-Notice of Entry (combined).pdf,22/08/2025,Tenancy Agreement,Notice of Entry (combined),Water & Leak; Rent & Payment; Property Access,High,Camberwell Rd Property; Property Manager/Areal; Franklin St Property,notice to renter,60.8,22/08/2025
EVID-171,250822-Reg post receipt.pdf,22/08/2025,Receipt & Payment,Reg post receipt,Rent & Payment,Medium,Tenant/Landlord,,94.3,22/08/2025
EVID-172,"250827 - Receipt of payment for 1803_243 Franklin Street, Melbourne VIC 3000 - DfhRI_fjQZqttaagZO6CFA@geopod-ismtpd-canary-0.pdf",27/08/2025,Receipt & Payment,"250827 - Receipt of payment for 1803_243 Franklin Street, Melbourne VIC 3000",Rent & Payment,High,Property Manager/Areal; Franklin St Property,"subject: message-id:receipt of payment for 1803/243 franklin street, melbourne v",79.3,31/10/2025
EVID-173,250827-Receipt # 92863.pdf,27/08/2025,Receipt & Payment,Receipt # 92863,Rent & Payment,Medium,Camberwell Rd Property; Property Manager/Areal; Franklin St Property,33 camberwell rd,78.0,27/08/2025
EVID-174,"250828 - Re_ 1803_243 Franklin Street, Melbourne VIC 3000 - Notice of Entry - CAAV=8vuT9EGAE1-Vi9ce9691rvqzFrnnh3OC+VZPn_1FkY0G=Q@mail.gmail.com.pdf",28/08/2025,Receipt & Payment,"250828 - Re_ 1803_243 Franklin Street, Melbourne VIC 3000 - Notice of Entry",Property Access; Repairs & Maintenance; Water & Leak,Critical,Camberwell Rd Property; Property Manager/Areal; Franklin St Property,subject:,253.5,31/10/2025
EVID-175,250901 - Areal monthly after-hours trades list update - -WT58Zu6R6WQ1AbHy1IOZg@geopod-ismtpd-14.pdf,01/09/2025,Water Damage & Leak,250901 - Areal monthly after-hours trades list update,Water & Leak; Rent & Payment; Property Access,High,Property Manager/Areal,"subject: message-id:areal monthly after-hours trades list updatefrom: ""johnson t",78.1,31/10/2025
EVID-176,250901-Chawakorn KAMNUANSIL (2508 NEW ADIT) Warning Letter for Unsatisfactory Attendance - Weekly-13495-20250901-141103.pdf,01/09/2025,Employment,Chawakorn KAMNUANSIL (2508 NEW ADIT) Warning Letter for Unsatisfactory Attendanc,General,Medium,Camberwell Rd Property; Franklin St Property,warning letter for unsatisfactory attendance,93.6,14/10/2025
EVID-177,"250902 - Re_ 1803_243 Franklin Street, Melbourne VIC 3000 - Notice of Entry - SYBPR01MB5952D333273ECD4D79C06FE3D106A@SYBPR01MB5952.ausprd01.prod.outlook.com.pdf",02/09/2025,Receipt & Payment,"250902 - Re_ 1803_243 Franklin Street, Melbourne VIC 3000 - Notice of Entry",Property Access; Repairs & Maintenance; Water & Leak,Critical,VCAT; Camberwell Rd Property; Property Manager/Areal; Franklin St Property,"subject: message-id:re: 1803/243 franklin street, melbourne vic 3000 - notice of",270.5,31/10/2025
EVID-178,250904 - 1803_243 Franklin Street - Access & Co-Operation Required - lWEet43ETQCe5Cyy9e42HQ@geopod-ismtpd-9.pdf,04/09/2025,Property Management,250904 - 1803_243 Franklin Street - Access & Co-Operation Required,Property Access; Legal Action; Repairs & Maintenance,Critical,VCAT; Camberwell Rd Property; Property Manager/Areal; Franklin St Property,subject: message-id:1803/243 franklin street - access & co-operation requiredfro,99.3,31/10/2025
EVID-179,250904 - Re_ 1803_243 Franklin Street - Access & Co-Operation Required - CAAV=8vs1YSGO-YrKqt=a2hdkWaLwfBQWZHM49R3tp_U-56s0Hg@mail.gmail.com.pdf,04/09/2025,Property Management,250904 - Re_ 1803_243 Franklin Street - Access & Co-Operation Required,Tenancy Termination; Property Access; Legal Action,Critical,VCAT; Camberwell Rd Property; Property Manager/Areal; Franklin St Property,subject: message-id:re: 1803/243 franklin street - access & co-operation require,76.4,31/10/2025
EVID-180,250904 - Re_ 1803_243 Franklin Street - Access & Co-Operation Required - CAAV=8vt85yYVUnXZRwvqOE68ux9OrHWtbJ6TqeLaCsYoA4Jocg@mail.gmail.com.pdf,04/09/2025,Property Management,250904 - Re_ 1803_243 Franklin Street - Access & Co-Operation Required,Tenancy Termination; Property Access; Legal Action,Critical,VCAT; Camberwell Rd Property; Property Manager/Areal; Franklin St Property,subject: message-id:re: 1803/243 franklin street - access & co-operation require,77.5,31/10/2025
EVID-181,250904 - You have reached us outside of business hours - TXglj8CYQQCgaF_kQv53gg@geopod-ismtpd-6.pdf,04/09/2025,Maintenance Request,250904 - You have reached us outside of business hours,Health & Medical; Rent & Payment; Property Access,High,Property Manager/Areal,"subject: message-id:you have reached us outside of business hoursfrom: ""areal pr",73.9,31/10/2025
EVID-182,250905 - Re_ 1803_243 Franklin Street - Access & Co-Operation Required - 8NzWzf5DQaiYqDKczI8-vw@geopod-ismtpd-7.pdf,05/09/2025,Wall & Carpet Damage,250905 - Re_ 1803_243 Franklin Street - Access & Co-Operation Required,Tenancy Termination; Property Access; Legal Action,Critical,VCAT; Camberwell Rd Property; Property Manager/Areal; Franklin St Property,subject:,319.9,31/10/2025
EVID-183,250905 - Re_ 1803_243 Franklin Street - Access & Co-Operation Required - CAAV=8vta56PNXu57Nc-_FOZVwX2F-Xcj7rD2FC-D+kVOaHuYDQ@mail.gmail.com.pdf,05/09/2025,Wall & Carpet Damage,250905 - Re_ 1803_243 Franklin Street - Access & Co-Operation Required,Tenancy Termination; Property Access; Legal Action,Critical,VCAT; Camberwell Rd Property; Property Manager/Areal; Franklin St Property,subject: message-id:re: 1803/243 franklin street - access & co-operation require,112.5,31/10/2025
EVID-184,250905 - Re_ 1803_243 Franklin Street - Access & Co-Operation Required - GwvrtfU6QqaZU9vtkRhO8g@geopod-ismtpd-0.pdf,05/09/2025,Wall & Carpet Damage,250905 - Re_ 1803_243 Franklin Street - Access & Co-Operation Required,Tenancy Termination; Property Access; Legal Action,Critical,VCAT; Camberwell Rd Property; Property Manager/Areal; Franklin St Property,subject: message-id:re: 1803/243 franklin street - access & co-operation require,135.5,31/10/2025
EVID-185,250905 - You have reached us outside of business hours - HVqvNBvTQ5uhLOmUnY2RBQ@geopod-ismtpd-0.pdf,05/09/2025,Maintenance Request,250905 - You have reached us outside of business hours,Health & Medical; Rent & Payment; Property Access,High,Property Manager/Areal,"subject: message-id:you have reached us outside of business hoursfrom: ""areal pr",73.9,31/10/2025
EVID-186,250909 - Re_ 1803_243 Franklin Street - Access & Co-Operation Required - BeZIoA-WRBe2bEA-dE9P_A@geopod-ismtpd-3.pdf,09/09/2025,Wall & Carpet Damage,250909 - Re_ 1803_243 Franklin Street - Access & Co-Operation Required,Rent & Payment; Property Access; Legal Action,Critical,VCAT; Camberwell Rd Property; Property Manager/Areal; Franklin St Property,subject:,253.6,31/10/2025
EVID-187,250909-Notice to Entry (17 - 22 Sep).pdf,09/09/2025,Wall & Carpet Damage,Notice to Entry (17,Water & Leak; Rent & Payment; Property Access,High,Camberwell Rd Property; Property Manager/Areal; Franklin St Property,notice to renter,43.7,09/09/2025
EVID-188,250909-Registered post receipt.pdf,09/09/2025,Receipt & Payment,Registered post receipt,Rent & Payment,Medium,Tenant/Landlord,,45.3,09/09/2025
EVID-189,250915-Chawakorn KAMNUANSIL (2508 NEW ADIT) Warning Letter for Unsatisfactory Attendance - Weekly-13495-20250915-174434.pdf,15/09/2025,Employment,Chawakorn KAMNUANSIL (2508 NEW ADIT) Warning Letter for Unsatisfactory Attendanc,General,Medium,Camberwell Rd Property; Franklin St Property,warning letter for unsatisfactory attendance,93.2,14/10/2025
EVID-190,250916 - Re_ 1803_243 Franklin Street - Access & Co-Operation Required - CAAV=8vtDtqu-AWt=1+rRpy5d9nwp=X2jr=BOq7+co--ou_EpJQ@mail.gmail.com.pdf,16/09/2025,Wall & Carpet Damage,250916 - Re_ 1803_243 Franklin Street - Access & Co-Operation Required,Tenancy Termination; Rent & Payment; Property Access,High,Property Manager/Areal; Franklin St Property,subject: message-id:re: 1803/243 franklin street - access & co-operation require,59.0,31/10/2025
EVID-191,250916 - You have reached us outside of business hours - P1KBp5NfQhuBU1qho8wzuw@geopod-ismtpd-1.pdf,16/09/2025,Maintenance Request,250916 - You have reached us outside of business hours,Health & Medical; Rent & Payment; Property Access,High,Property Manager/Areal,"subject: message-id:you have reached us outside of business hoursfrom: ""areal pr",73.2,31/10/2025
EVID-192,250917-liam-voicemail.pdf,17/09/2025,Water Damage & Leak,liam-voicemail,Water & Leak,Medium,Tenant/Landlord,ธิ,151.2,14/10/2025
EVID-193,250917-sms-to-liam-re-property-access.pdf,17/09/2025,Water Damage & Leak,sms-to-liam-re-property-access,Water & Leak; Property Access; Repairs & Maintenance,High,Tenant/Landlord,+61 476 013 875,150.2,14/10/2025
EVID-194,"250930 - Receipt of payment for 1803_243 Franklin Street, Melbourne VIC 3000 - zs6ltfuRRbS9TA-q_-LKCA@geopod-ismtpd-7.pdf",30/09/2025,Receipt & Payment,"250930 - Receipt of payment for 1803_243 Franklin Street, Melbourne VIC 3000",Rent & Payment,High,Property Manager/Areal; Franklin St Property,"subject: message-id:receipt of payment for 1803/243 franklin street, melbourne v",77.1,31/10/2025
EVID-195,250930-Receipt # 94202.pdf,30/09/2025,Receipt & Payment,Receipt # 94202,Rent & Payment,Medium,Camberwell Rd Property; Property Manager/Areal; Franklin St Property,33 camberwell rd,77.8,30/09/2025
EVID-196,251002 - Areal monthly after-hours trades list update - NdGVaaQRTpyJ7ifzkQj2pA@geopod-ismtpd-8.pdf,02/10/2025,Water Damage & Leak,251002 - Areal monthly after-hours trades list update,Water & Leak; Rent & Payment; Property Access,High,Property Manager/Areal,"subject: message-id:areal monthly after-hours trades list updatefrom: ""johnson t",78.5,31/10/2025
EVID-197,251014-school-reassessment-request.pdf,14/10/2025,Receipt & Payment,school-reassessment-request,Rent & Payment; Property Access; Evidence,Medium,Camberwell Rd Property,chawakorn kamnuansil <ck.chawakorn@gmail.com>,87.0,14/10/2025
EVID-198,"251020 - Courtesy Reminder_ Upcoming Rent Payment for 1803_243 Franklin Street, Melbourne VIC 3000 - S9zQDnzXQdaYuqXtfFPJuw@geopod-ismtpd-2.pdf",20/10/2025,Receipt & Payment,"251020 - Courtesy Reminder_ Upcoming Rent Payment for 1803_243 Franklin Street, ",Rent & Payment; Legal Action,High,Property Manager/Areal; Franklin St Property,subject: message-id:courtesy reminder: upcoming rent payment for 1803/243 frankl,79.2,31/10/2025
EVID-199,251020-Rent Invoice #009872.pdf,20/10/2025,Receipt & Payment,Rent Invoice #009872,Rent & Payment,Medium,Camberwell Rd Property; Property Manager/Areal; Franklin St Property,33 camberwell rd,77.7,20/10/2025
EVID-200,"251028 - Receipt of payment for 1803_243 Franklin Street, Melbourne VIC 3000 - FVsaqS0cShiZcJE6Om5syQ@geopod-ismtpd-10.pdf",28/10/2025,Receipt & Payment,"251028 - Receipt of payment for 1803_243 Franklin Street, Melbourne VIC 3000",Rent & Payment,High,Property Manager/Areal; Franklin St Property,"subject: message-id:receipt of payment for 1803/243 franklin street, melbourne v",77.6,31/10/2025
EVID-201,251028-Receipt # 95582.pdf,28/10/2025,Receipt & Payment,Receipt # 95582,Rent & Payment,Medium,Camberwell Rd Property; Property Manager/Areal; Franklin St Property,33 camberwell rd,77.8,28/10/2025
